,0.21,0.21
7,0.12,0.12
9,0.05,0.05
11,0.00,0.00
12,-0.11,-0.11
14,-0.21,-0.21
15,-0.26,-0.26
17,-0.37,-0.37
20,-0.52,-0.52
25,-0.82,-0.82
29,-0.92,-0.92
33,-1.21,-1.21
37,-1.39,-1.39
41,-1.63,-1.63
46,-1.79,-1.79
50,-1.96,-1.96
54,-2.00,-2.00
58,-2.00,-2.00
62,-2.00,-2.00
66,-2.00,-2.00
70,-2.00,-2.00
74,-2.00,-2.00
78,-2.00,-2.00
82,-2.00,-2.00
87,-2.00,-2.00
92,-2.00,-2.00
96,-2.00,-2.00
100,-2.00,-2.00
104,-2.00,-2.00
108,-2.00,-2.00
113,-1.87,-1.87
117,-1.77,-1.77
121,-1.75,-1.75
126,-1.77,-1.77
131,-1.80,-1.80
135,-1.85,-1.85
140,-1.89,-1.89
144,-1.92,-1.92
148,-1.91,-1.91
152,-1.94,-1.94
157,-1.91,-1.91
161,-1.89,-1.89
165,-1.84,-1.84
171,-1.81,-1.81
175,-1.78,-1.78
179,-1.77,-1.77
184,-1.81,-1.81
188,-1.87,-1.87
192,-1.95,-1.95
197,-2.00,-2.00
201,-2.00,-2.00
205,-1.99,-1.99
210,-1.90,-1.90
215,-1.75,-1.75
219,-1.49,-1.49
224,-1.31,-1.31
228,-1.14,-1.14
232,-1.06,-1.06
236,-0.95,-0.95
241,-0.80,-0.80
245,-0.68,-0.68
249,-0.52,-0.52
254,-0.41,-0.41
259,-0.21,-0.21
263,0.04,0.04
267,0.27,0.27
271,0.52,0.52
275,0.77,0.77
279,0.98,0.98
282,1.13,1.13
286,1.32,1.32
290,1.87,1.87
294,1.83,1.83
299,2.00,2.00
302,2.00,2.00
306,2.00,2.00
310,2.00,2.00
314,2.00,2.00
318,2.00,2.00
321,2.00,2.00
325,2.00,2.00
329,2.00,2.00
333,2.00,2.00
337,2.00,2.00
342,2.00,2.00
345,1.94,1.94
349,1.69,1.69
353,1.51,1.51
357,1.37,1.37
361,1.28,1.28
364,1.21,1.21
368,1.14,1.14
372,1.08,1.08
376,1.03,1.03
380,1.00,1.00
384,1.00,1.00
388,1.02,1.02
392,1.08,1.08
396,1.13,1.13
400,1.16,1.16
403,1.19,1.19
407,1.22,1.22
411,1.24,1.24
415,1.23,1.23
419,1.20,1.20
423,1.13,1.13
427,1.05,1.05
431,0.94,0.94
435,0.84,0.84
439,0.79,0.79
443,0.74,0.74
446,0.69,0.69
450,0.58,0.58
454,0.48,0.48
458,0.38,0.38
462,0.27,0.27
465,0.09,0.09
470,-0.14,-0.14
475,-0.26,-0.26
479,-0.43,-0.43
483,-0.64,-0.64
487,-0.77,-0.77
492,-1.04,-1.04
496,-1.11,-1.11
500,-1.35,-1.35
505,-1.48,-1.48
509,-1.61,-1.61
514,-1.80,-1.80
519,-2.00,-2.00
523,-2.00,-2.00
527,-2.00,-2.00
532,-2.00,-2.00
536,-2.00,-2.00
540,-2.00,-2.00
545,-2.00,-2.00
549,-2.00,-2.00
553,-2.00,-2.00
559,-2.00,-2.00
563,-2.00,-2.00
567,-1.81,-1.81
571,-1.68,-1.68
576,-1.65,-1.65
580,-1.68,-1.68
584,-1.75,-1.75
589,-1.79,-1.79
593,-1.86,-1.86
598,-1.95,-1.95
603,-1.99,-1.99
607,-2.00,-2.00
611,-2.00,-2.00
616,-2.00,-2.00
620,-2.00,-2.00
624,-2.00,-2.00
629,-2.00,-2.00
633,-2.00,-2.00
637,-2.00,-2.00
643,-2.00,-2.00
647,-2.00,-2.00
651,-2.00,-2.00
655,-2.00,-2.00
660,-2.00,-2.00
664,-1.95,-1.95
668,-1.81,-1.81
673,-1.73,-1.73
677,-1.63,-1.63
681,-1.48,-1.48
687,-1.34,-1.34
691,-1.17,-1.17
695,-0.97,-0.97
700,-0.73,-0.73
704,-0.40,-0.40
708,-0.15,-0.15
713,0.20,0.20
716,0.47,0.47
720,0.71,0.71
724,0.87,0.87
729,1.07,1.07
733,1.42,1.42
736,1.79,1.79
740,2.00,2.00
744,2.00,2.00
748,2.00,2.00
752,2.00,2.00
756,2.00,2.00
759,2.00,2.00
763,2.00,2.00
768,2.00,2.00
772,2.00,2.00
776,2.00,2.00
779,2.00,2.00
783,2.00,2.00
787,2.00,2.00
791,1.89,1.89
795,1.73,1.73
798,1.63,1.63
802,1.53,1.53
806,1.46,1.46
811,1.43,1.43
815,1.43,1.43
818,1.44,1.44
822,1.46,1.46
826,1.43,1.43
830,1.44,1.44
834,1.46,1.46
837,1.48,1.48
841,1.53,1.53
845,1.58,1.58
849,1.54,1.54
854,1.57,1.57
858,1.56,1.56
861,1.51,1.51
865,1.47,1.47
869,1.35,1.35
873,1.19,1.19
877,1.04,1.04
880,0.84,0.84
884,0.65,0.65
888,0.46,0.46
892,0.52,0.52
897,0.43,0.43
900,0.26,0.26
904,0.13,0.13
908,0.02,0.02
912,-0.20,-0.20
916,-0.43,-0.43
920,-0.61,-0.61
925,-0.82,-0.82
929,-0.95,-0.95
933,-1.21,-1.21
939,-1.49,-1.49
943,-1.54,-1.54
947,-1.77,-1.77
952,-1.87,-1.87
956,-1.97,-1.97
960,-2.00,-2.00
965,-2.00,-2.00
969,-2.00,-2.00
973,-2.00,-2.00
978,-2.00,-2.00
983,-2.00,-2.00
987,-2.00,-2.00
992,-2.00,-2.00
996,-2.00,-2.00
1000,-2.00,-2.00
1005,-2.00,-2.00
1009,-2.00,-2.00
1014,-2.00,-2.00
1018,-1.83,-1.83
1024,-1.58,-1.58
1029,-1.46,-1.46
1033,-1.37,-1.37
1038,-1.35,-1.35
1042,-1.40,-1.40
1047,-1.53,-1.53
1051,-1.68,-1.68
1056,-1.84,-1.84
1061,-1.99,-1.99
1065,-2.00,-2.00
1071,-2.00,-2.00
1075,-2.00,-2.00
1080,-2.00,-2.00
1084,-2.00,-2.00
1089,-2.00,-2.00
1094,-2.00,-2.00
1098,-2.00,-2.00
1103,-2.00,-2.00
1107,-1.95,-1.95
1113,-1.74,-1.74
1117,-1.51,-1.51
1122,-1.32,-1.32
1127,-1.23,-1.23
1131,-1.06,-1.06
1136,-0.89,-0.89
1140,-0.72,-0.72
1145,-0.50,-0.50
1149,-0.21,-0.21
1155,0.01,0.01
1159,0.29,0.29
1163,0.52,0.52
1167,0.75,0.75
1171,1.10,1.10
1175,1.43,1.43
1179,1.66,1.66
1183,2.00,2.00
1187,2.00,2.00
1192,2.00,2.00
1197,2.00,2.00
1201,2.00,2.00
1205,2.00,2.00
1209,2.00,2.00
1213,2.00,2.00
1217,2.00,2.00
1221,2.00,2.00
1225,2.00,2.00
1229,2.00,2.00
1233,2.00,2.00
1238,1.82,1.82
1242,1.58,1.58
1246,1.37,1.37
1250,1.17,1.17
1255,1.00,1.00
1259,0.90,0.90
1263,0.85,0.85
1267,0.85,0.85
1271,0.89,0.89
1275,0.95,0.95
1280,1.06,1.06
1284,1.19,1.19
1288,1.31,1.31
1292,1.46,1.46
1296,1.53,1.53
1300,1.66,1.66
1304,1.72,1.72
1308,1.72,1.72
1312,1.77,1.77
1316,1.84,1.84
1321,1.80,1.80
1326,1.75,1.75
1330,1.62,1.62
1334,1.41,1.41
1338,1.15,1.15
1342,0.76,0.76
1346,0.70,0.70
1350,0.46,0.46
1354,0.19,0.19
1358,-0.07,-0.07
1363,-0.39,-0.39
1368,-0.67,-0.67
1373,-0.86,-0.86
1377,-1.16,-1.16
1382,-1.35,-1.35
1386,-1.55,-1.55
1391,-1.70,-1.70
1396,-1.83,-1.83
1400,-1.92,-1.92
1405,-2.00,-2.00
1410,-2.00,-2.00
1415,-2.00,-2.00
1419,-2.00,-2.00
1424,-2.00,-2.00
1429,-2.00,-2.00
1433,-2.00,-2.00
1438,-2.00,-2.00
1442,-2.00,-2.00
1447,-1.96,-1.96
1452,-2.00,-2.00
1457,-1.77,-1.77
1462,-2.00,-2.00
1466,-2.00,-2.00
1471,-2.00,-2.00
1475,-2.00,-2.00
1480,-2.00,-2.00
1484,-2.00,-2.00
1489,-1.93,-1.93
1495,-1.75,-1.75
1499,-1.64,-1.64
1504,-1.61,-1.61
1508,-1.60,-1.60
1513,-1.57,-1.57
1517,-1.61,-1.61
1522,-1.53,-1.53
1527,-1.73,-1.73
1531,-1.91,-1.91
1537,-2.00,-2.00
1541,-2.00,-2.00
1546,-2.00,-2.00
1550,-2.00,-2.00
1555,-2.00,-2.00
1560,-2.00,-2.00
1564,-1.93,-1.93
1569,-1.79,-1.79
1573,-1.70,-1.70
1579,-1.63,-1.63
1583,-1.55,-1.55
1588,-1.45,-1.45
1593,-1.30,-1.30
1597,-1.11,-1.11
1602,-0.85,-0.85
1606,-0.67,-0.67
1611,-0.42,-0.42
1615,-0.20,-0.20
1620,-0.01,-0.01
1626,0.23,0.23
1630,0.42,0.42
1634,0.61,0.61
1638,0.79,0.79
1642,1.08,1.08
1646,1.34,1.34
1650,1.61,1.61
1654,1.89,1.89
1658,2.00,2.00
1662,2.00,2.00
1667,2.00,2.00
1671,2.00,2.00
1675,2.00,2.00
1679,2.00,2.00
1683,2.00,2.00
1688,2.00,2.00
1692,2.00,2.00
1696,2.00,2.00
1700,2.00,2.00
1704,1.98,1.98
1709,1.79,1.79
1713,1.70,1.70
1717,1.57,1.57
1721,1.50,1.50
1725,1.48,1.48
1729,1.49,1.49
1733,1.52,1.52
1737,1.55,1.55
1741,1.55,1.55
1745,1.60,1.60
1750,1.60,1.60
1755,1.61,1.61
1759,1.59,1.59
1763,1.58,1.58
1767,1.53,1.53
1771,1.39,1.39
1775,1.25,1.25
1779,1.03,1.03
1783,0.79,0.79
1787,0.59,0.59
1792,0.54,0.54
1796,0.34,0.34
1800,0.12,0.12
1804,-0.12,-0.12
1809,-0.27,-0.27
1813,-0.53,-0.53
1818,-0.80,-0.80
1823,-1.04,-1.04
1827,-1.20,-1.20
1832,-1.41,-1.41
1837,-1.59,-1.59
1842,-1.72,-1.72
1846,-1.92,-1.92
1851,-2.00,-2.00
1856,-2.00,-2.00
1860,-2.00,-2.00
1865,-2.00,-2.00
1869,-2.00,-2.00
1874,-2.00,-2.00
1879,-2.00,-2.00
1884,-2.00,-2.00
1889,-2.00,-2.00
1893,-2.00,-2.00
1898,-2.00,-2.00
1902,-1.97,-1.97
1907,-2.00,-2.00
1911,-2.00,-2.00
1916,-1.98,-1.98
1922,-1.92,-1.92
1926,-1.87,-1.87
1931,-1.77,-1.77
1935,-1.67,-1.67
1940,-1.63,-1.63
1944,-1.68,-1.68
1949,-1.79,-1.79
1954,-1.94,-1.94
1958,-2.00,-2.00
1964,-2.00,-2.00
1968,-2.00,-2.00
1973,-2.00,-2.00
1977,-2.00,-2.00
1982,-2.00,-2.00
1986,-2.00,-2.00
1991,-2.00,-2.00
1996,-2.00,-2.00
2000,-1.94,-1.94
2006,-1.73,-1.73
2010,-1.56,-1.56
2015,-1.44,-1.44
2019,-1.28,-1.28
2024,-1.26,-1.26
2029,-1.14,-1.14
2033,-0.95,-0.95
2038,-0.70,-0.70
2042,-0.48,-0.48
2048,-0.20,-0.20
2052,0.09,0.09
2057,0.30,0.30
2061,0.52,0.52
2065,0.72,0.72
2069,0.89,0.89
2073,1.14,1.14
2077,1.32,1.32
2081,1.59,1.59
2085,1.88,1.88
2089,2.00,2.00
2094,2.00,2.00
2098,2.00,2.00
2102,2.00,2.00
2106,2.00,2.00
2110,2.00,2.00
2114,2.00,2.00
2118,2.00,2.00
2123,2.00,2.00
2127,2.00,2.00
2131,2.00,2.00
2136,1.92,1.92
2140,1.80,1.80
2144,1.67,1.67
2148,1.52,1.52
2152,1.47,1.47
2156,1.46,1.46
2160,1.45,1.45
2164,1.47,1.47
2168,1.48,1.48
2172,1.48,1.48
2177,1.50,1.50
2181,1.52,1.52
2185,1.51,1.51
2190,1.52,1.52
2194,1.53,1.53
2198,1.52,1.52
2202,1.53,1.53
2206,1.52,1.52
2210,1.45,1.45
2214,1.32,1.32
2219,1.13,1.13
2223,0.88,0.88
2227,0.61,0.61
2231,0.41,0.41
2235,0.25,0.25
2239,0.06,0.06
2243,-0.16,-0.16
2248,-0.42,-0.42
2253,-0.64,-0.64
2257,-0.89,-0.89
2263,-1.14,-1.14
2267,-1.30,-1.30
2272,-1.51,-1.51
2276,-1.66,-1.66
2281,-1.81,-1.81
2285,-1.86,-1.86
2290,-2.00,-2.00
2295,-2.00,-2.00
2299,-2.00,-2.00
2305,-2.00,-2.00
2309,-2.00,-2.00
2314,-2.00,-2.00
2318,-2.00,-2.00
2323,-2.00,-2.00
2328,-2.00,-2.00
2332,-1.92,-1.92
2337,-2.00,-2.00
2341,-1.92,-1.92
2347,-1.97,-1.97
2351,-1.99,-1.99
2356,-1.90,-1.90
2361,-1.84,-1.84
2365,-1.77,-1.77
2370,-1.65,-1.65
2374,-1.65,-1.65
2379,-1.64,-1.64
2383,-1.59,-1.59
2388,-1.60,-1.60
2394,-1.66,-1.66
2398,-1.75,-1.75
2403,-1.81,-1.81
2407,-1.85,-1.85
2412,-1.77,-1.77
2416,-1.82,-1.82
2421,-1.90,-1.90
2426,-2.00,-2.00
2430,-2.00,-2.00
2436,-2.00,-2.00
2440,-2.00,-2.00
2445,-2.00,-2.00
2449,-2.00,-2.00
2454,-2.00,-2.00
2459,-2.00,-2.00
2463,-2.00,-2.00
2468,-1.88,-1.88
2472,-1.75,-1.75
2478,-1.61,-1.61
2482,-1.48,-1.48
2487,-1.31,-1.31
2492,-1.09,-1.09
2496,-0.82,-0.82
2501,-0.60,-0.60
2505,-0.32,-0.32
2510,-0.03,-0.03
2514,0.25,0.25
2520,0.44,0.44
2524,0.59,0.59
2528,0.73,0.73
2532,0.84,0.84
2536,0.92,0.92
2540,1.03,1.03
2544,1.18,1.18
2548,1.36,1.36
2552,1.61,1.61
2556,2.00,2.00
2561,1.99,1.99
2565,2.00,2.00
2569,2.00,2.00
2573,2.00,2.00
2577,2.00,2.00
2581,2.00,2.00
2586,2.00,2.00
2590,2.00,2.00
2594,2.00,2.00
2598,1.96,1.96
2603,1.93,1.93
2607,1.89,1.89
2611,1.82,1.82
2615,1.76,1.76
2619,1.72,1.72
2623,1.68,1.68
2627,1.66,1.66
2631,1.62,1.62
2635,1.60,1.60
2639,1.59,1.59
2643,1.54,1.54
2648,1.50,1.50
2653,1.41,1.41
2657,1.36,1.36
2661,1.34,1.34
2665,1.32,1.32
2669,1.30,1.30
2673,1.25,1.25
2677,1.23,1.23
2681,1.15,1.15
2685,1.05,1.05
2690,0.93,0.93
2694,0.81,0.81
2698,0.68,0.68
2702,0.59,0.59
2706,0.50,0.50
2710,0.41,0.41
2714,0.32,0.32
2719,0.17,0.17
2723,0.04,0.04
2727,-0.10,-0.10
2732,-0.27,-0.27
2737,-0.46,-0.46
2741,-0.62,-0.62
2746,-0.80,-0.80
2750,-1.16,-1.16
2755,-1.22,-1.22
2760,-1.49,-1.49
2764,-1.69,-1.69
2769,-1.86,-1.86
2774,-2.00,-2.00
2779,-2.00,-2.00
2783,-2.00,-2.00
2788,-2.00,-2.00
2793,-2.00,-2.00
2797,-2.00,-2.00
2802,-2.00,-2.00
2806,-2.00,-2.00
2811,-2.00,-2.00
2816,-2.00,-2.00
2821,-2.00,-2.00
2826,-1.76,-1.76
2830,-1.53,-1.53
2835,-1.35,-1.35
2839,-1.12,-1.12
2844,-0.90,-0.90
2848,-0.96,-0.96
2853,-1.14,-1.14
2859,-1.37,-1.37
2863,-1.60,-1.60
2868,-1.91,-1.91
2872,-2.00,-2.00
2877,-2.00,-2.00
2881,-2.00,-2.00
2886,-2.00,-2.00
2891,-2.00,-2.00
2895,-2.00,-2.00
2900,-2.00,-2.00
2905,-2.00,-2.00
2910,-2.00,-2.00
2914,-2.00,-2.00
2919,-2.00,-2.00
2924,-1.94,-1.94
2928,-1.81,-1.81
2933,-1.68,-1.68
2937,-1.61,-1.61
2942,-1.49,-1.49
2947,-1.45,-1.45
2952,-1.32,-1.32
2957,-1.15,-1.15
2961,-0.87,-0.87
2966,-0.64,-0.64
2970,-0.34,-0.34
2975,-0.07,-0.07
2979,0.16,0.16
2983,0.42,0.42
2989,0.61,0.61
2993,0.76,0.76
2997,0.97,0.97
3001,1.17,1.17
3005,1.39,1.39
3009,1.65,1.65
3013,1.93,1.93
3017,2.00,2.00
3021,2.00,2.00
3025,2.00,2.00
3030,2.00,2.00
3034,2.00,2.00
3038,2.00,2.00
3042,2.00,2.00
3046,2.00,2.00
3050,2.00,2.00
3055,1.93,1.93
3059,1.68,1.68
3063,1.46,1.46
3067,1.32,1.32
3072,1.23,1.23
3076,1.18,1.18
3080,1.18,1.18
3084,1.23,1.23
3088,1.24,1.24
3092,1.29,1.29
3096,1.33,1.33
3100,1.37,1.37
3104,1.38,1.38
3108,1.40,1.40
3112,1.38,1.38
3117,1.40,1.40
3122,1.41,1.41
3126,1.41,1.41
3130,1.42,1.42
3134,1.39,1.39
3138,1.36,1.36
3142,1.27,1.27
3146,1.19,1.19
3150,1.08,1.08
3154,0.96,0.96
3159,0.81,0.81
3163,0.70,0.70
3167,0.61,0.61
3171,0.48,0.48
3175,0.31,0.31
3179,0.09,0.09
3183,-0.12,-0.12
3188,-0.34,-0.34
3193,-0.59,-0.59
3197,-0.74,-0.74
3203,-1.05,-1.05
3207,-1.13,-1.13
3212,-1.35,-1.35
3216,-1.56,-1.56
3221,-1.78,-1.78
3226,-1.88,-1.88
3230,-2.00,-2.00
3235,-2.00,-2.00
3239,-2.00,-2.00
3245,-2.00,-2.00
3249,-2.00,-2.00
3254,-2.00,-2.00
3259,-2.00,-2.00
3263,-2.00,-2.00
3268,-2.00,-2.00
3272,-2.00,-2.00
3277,-2.00,-2.00
3281,-1.91,-1.91
3287,-1.74,-1.74
3292,-2.00,-2.00
3296,-1.53,-1.53
3301,-1.96,-1.96
3305,-1.98,-1.98
3310,-2.00,-2.00
3314,-2.00,-2.00
3319,-2.00,-2.00
3324,-1.96,-1.96
3329,-1.90,-1.90
3334,-1.83,-1.83
3338,-1.79,-1.79
3343,-1.82,-1.82
3347,-1.92,-1.92
3352,-2.00,-2.00
3357,-2.00,-2.00
3361,-2.00,-2.00
3366,-2.00,-2.00
3371,-2.00,-2.00
3376,-2.00,-2.00
3380,-1.95,-1.95
3385,-1.84,-1.84
3390,-1.71,-1.71
3394,-1.59,-1.59
3399,-1.47,-1.47
3403,-1.39,-1.39
3408,-1.33,-1.33
3412,-1.23,-1.23
3418,-1.04,-1.04
3423,-0.79,-0.79
3427,-0.55,-0.55
3432,-0.25,-0.25
3436,0.07,0.07
3440,0.27,0.27
3444,0.43,0.43
3448,0.59,0.59
3453,0.74,0.74
3458,0.85,0.85
3462,0.96,0.96
3466,1.06,1.06
3470,1.14,1.14
3474,1.26,1.26
3478,1.40,1.40
3482,1.52,1.52
3486,1.89,1.89
3490,2.00,2.00
3494,2.00,2.00
3499,2.00,2.00
3503,2.00,2.00
3507,2.00,2.00
3511,2.00,2.00
3515,2.00,2.00
3520,2.00,2.00
3524,2.00,2.00
3528,1.94,1.94
3532,1.72,1.72
3536,1.58,1.58
3540,1.44,1.44
3545,1.33,1.33
3549,1.24,1.24
3553,1.15,1.15
3557,1.13,1.13
3561,1.11,1.11
3565,1.11,1.11
3569,1.14,1.14
3573,1.13,1.13
3577,1.12,1.12
3581,1.10,1.10
3587,1.01,1.01
3591,0.93,0.93
3595,0.84,0.84
3599,0.71,0.71
3603,0.64,0.64
3607,0.59,0.59
3611,0.39,0.39
3615,0.20,0.20
3619,0.02,0.02
3623,-0.20,-0.20
3629,-0.48,-0.48
3633,-0.72,-0.72
3638,-1.06,-1.06
3642,-1.21,-1.21
3647,-1.47,-1.47
3652,-1.78,-1.78
3656,-2.00,-2.00
3661,-2.00,-2.00
3665,-2.00,-2.00
3671,-2.00,-2.00
3675,-2.00,-2.00
3680,-2.00,-2.00
3684,-2.00,-2.00
3689,-2.00,-2.00
3694,-2.00,-2.00
3698,-1.94,-1.94
3703,-1.86,-1.86
3707,-1.89,-1.89
3713,-1.97,-1.97
3717,-2.00,-2.00
3722,-2.00,-2.00
3727,-1.96,-1.96
3731,-1.81,-1.81
3736,-1.68,-1.68
3740,-1.56,-1.56
3745,-1.51,-1.51
3749,-1.53,-1.53
3755,-1.57,-1.57
3760,-1.66,-1.66
3764,-1.77,-1.77
3769,-1.90,-1.90
3773,-2.00,-2.00
3778,-2.00,-2.00
3782,-2.00,-2.00
3787,-2.00,-2.00
3792,-2.00,-2.00
3796,-2.00,-2.00
3802,-2.00,-2.00
3806,-2.00,-2.00
3811,-1.94,-1.94
3815,-1.76,-1.76
3820,-1.58,-1.58
3825,-1.49,-1.49
3829,-1.35,-1.35
3834,-1.22,-1.22
3838,-1.22,-1.22
3844,-1.18,-1.18
3848,-1.03,-1.03
3853,-0.89,-0.89
3858,-0.66,-0.66
3862,-0.39,-0.39
3867,-0.17,-0.17
3871,0.09,0.09
3875,0.24,0.24
3879,0.44,0.44
3885,0.64,0.64
3889,0.77,0.77
3893,0.87,0.87
3897,1.13,1.13
3901,1.29,1.29
3905,1.45,1.45
3909,1.57,1.57
3913,1.75,1.75
3917,1.90,1.90
3921,1.95,1.95
3926,2.00,2.00
3930,2.00,2.00
3934,2.00,2.00
3938,1.98,1.98
3942,1.88,1.88
3946,1.75,1.75
3951,1.63,1.63
3955,1.46,1.46
3959,1.32,1.32
3963,1.14,1.14
3968,1.02,1.02
3972,0.93,0.93
3976,0.89,0.89
3980,0.89,0.89
3984,0.92,0.92
3988,1.04,1.04
3992,1.15,1.15
3996,1.26,1.26
4000,1.37,1.37
4004,1.47,1.47
4008,1.57,1.57
4013,1.65,1.65
4018,1.71,1.71
4022,1.71,1.71
4026,1.66,1.66
4030,1.58,1.58
4034,1.47,1.47
4038,1.37,1.37
4042,1.24,1.24
4046,1.15,1.15
4050,1.04,1.04
4055,0.89,0.89
4059,0.72,0.72
4063,0.56,0.56
4067,0.35,0.35
4071,0.20,0.20
4075,0.06,0.06
4079,-0.09,-0.09
4084,-0.28,-0.28
4089,-0.45,-0.45
4093,-0.64,-0.64
4099,-0.89,-0.89
4103,-1.13,-1.13
4108,-1.16,-1.16
4112,-1.45,-1.45
4117,-1.57,-1.57
4122,-1.73,-1.73
4126,-1.92,-1.92
4131,-2.00,-2.00
4135,-2.00,-2.00
4141,-2.00,-2.00
4145,-2.00,-2.00
4150,-2.00,-2.00
4155,-2.00,-2.00
4159,-2.00,-2.00
4164,-2.00,-2.00
4168,-2.00,-2.00
4173,-2.00,-2.00
4177,-1.89,-1.89
4183,-2.00,-2.00
4188,-1.52,-1.52
4192,-1.62,-1.62
4197,-1.84,-1.84
4201,-1.84,-1.84
4206,-1.79,-1.79
4210,-1.81,-1.81
4215,-1.82,-1.82
4220,-1.82,-1.82
4225,-1.85,-1.85
4230,-1.93,-1.93
4234,-1.94,-1.94
4239,-1.98,-1.98
4243,-1.97,-1.97
4248,-1.98,-1.98
4253,-1.98,-1.98
4257,-1.97,-1.97
4262,-1.99,-1.99
4267,-2.00,-2.00
4272,-2.00,-2.00
4276,-1.98,-1.98
4281,-1.96,-1.96
4286,-1.91,-1.91
4290,-1.82,-1.82
4295,-1.74,-1.74
4299,-1.59,-1.59
4304,-1.43,-1.43
4308,-1.27,-1.27
4314,-1.01,-1.01
4319,-0.72,-0.72
4323,-0.51,-0.51
4328,-0.22,-0.22
4332,0.05,0.05
4336,0.27,0.27
4340,0.48,0.48
4344,0.61,0.61
4348,0.73,0.73
4354,0.82,0.82
4358,1.01,1.01
4362,1.26,1.26
4366,1.57,1.57
4370,1.88,1.88
4374,2.00,2.00
4378,2.00,2.00
4382,2.00,2.00
4386,2.00,2.00
4390,2.00,2.00
4395,2.00,2.00
4399,2.00,2.00
4403,2.00,2.00
4407,2.00,2.00
4411,2.00,2.00
4415,1.97,1.97
4420,1.88,1.88
4424,1.79,1.79
4428,1.69,1.69
4432,1.62,1.62
4436,1.58,1.58
4441,1.54,1.54
4445,1.47,1.47
4449,1.40,1.40
4453,1.34,1.34
4457,1.31,1.31
4461,1.26,1.26
4465,1.23,1.23
4469,1.26,1.26
4473,1.29,1.29
4477,1.30,1.30
4482,1.30,1.30
4487,1.30,1.30
4491,1.28,1.28
4495,1.26,1.26
4499,1.21,1.21
4503,1.14,1.14
4507,1.07,1.07
4511,0.93,0.93
4515,0.78,0.78
4519,0.60,0.60
4524,0.41,0.41
4528,0.30,0.30
4532,0.17,0.17
4536,-0.08,-0.08
4541,-0.27,-0.27
4545,-0.54,-0.54
4550,-0.78,-0.78
4555,-0.96,-0.96
4559,-1.22,-1.22
4564,-1.45,-1.45
4569,-1.63,-1.63
4574,-1.74,-1.74
4578,-1.86,-1.86
4583,-1.93,-1.93
4588,-2.00,-2.00
4592,-2.00,-2.00
4597,-2.00,-2.00
4601,-2.00,-2.00
4606,-2.00,-2.00
4611,-2.00,-2.00
4616,-2.00,-2.00
4621,-2.00,-2.00
4625,-2.00,-2.00
4630,-2.00,-2.00
4634,-2.00,-2.00
4639,-2.00,-2.00
4643,-2.00,-2.00
4648,-2.00,-2.00
4654,-2.00,-2.00
4658,-2.00,-2.00
4663,-2.00,-2.00
4667,-2.00,-2.00
4672,-2.00,-2.00
4676,-2.00,-2.00
4681,-2.00,-2.00
4686,-2.00,-2.00
4690,-2.00,-2.00
4696,-2.00,-2.00
4700,-2.00,-2.00
4705,-2.00,-2.00
4709,-2.00,-2.00
4714,-2.00,-2.00
4719,-2.00,-2.00
4723,-2.00,-2.00
4728,-1.99,-1.99
4732,-1.96,-1.96
4738,-1.90,-1.90
4742,-1.82,-1.82
4747,-1.67,-1.67
4752,-1.45,-1.45
4756,-1.24,-1.24
4761,-0.91,-0.91
4765,-0.56,-0.56
4770,-0.23,-0.23
4774,0.17,0.17
4779,0.48,0.48
4784,0.76,0.76
4788,1.02,1.02
4792,1.23,1.23
4796,1.45,1.45
4800,1.90,1.90
4804,2.00,2.00
4808,2.00,2.00
4812,2.00,2.00
4816,2.00,2.00
4820,2.00,2.00
4825,2.00,2.00
4829,2.00,2.00
4833,2.00,2.00
4837,2.00,2.00
4841,1.83,1.83
4845,1.18,1.18
4850,1.14,1.14
4854,0.83,0.83
4858,0.71,0.71
4862,0.80,0.80
4867,1.22,1.22
4871,1.58,1.58
4875,1.72,1.72
4879,1.92,1.92
4883,2.00,2.00
4887,1.93,1.93
4891,1.75,1.75
4895,1.57,1.57
4899,1.42,1.42
4903,1.26,1.26
4908,1.00,1.00
4912,0.86,0.86
4917,0.71,0.71
4921,0.60,0.60
4925,0.35,0.35
4929,0.27,0.27
4933,-0.03,-0.03
4937,-0.24,-0.24
4942,-0.38,-0.38
4946,-0.47,-0.47
4952,-0.54,-0.54
4957,-0.57,-0.57
4961,-0.59,-0.59
4966,-0.58,-0.58
4970,-0.56,-0.56
4975,-0.57,-0.57
4979,-0.69,-0.69
4984,-0.58,-0.58
4989,-0.74,-0.74
4994,-0.85,-0.85
4999,-0.89,-0.89
5003,-1.03,-1.03
5008,-1.12,-1.12
5012,-1.33,-1.33
5017,-1.42,-1.42
5022,-1.48,-1.48
5026,-1.43,-1.43
5031,-1.54,-1.54
5036,-1.51,-1.51
5041,-1.48,-1.48
5045,-1.43,-1.43
5050,-1.42,-1.42
5055,-1.61,-1.61
5059,-2.00,-2.00
5064,-2.00,-2.00
5068,-2.00,-2.00
5073,-2.00,-2.00
5078,-2.00,-2.00
5083,-2.00,-2.00
5088,-2.00,-2.00
5092,-1.86,-1.86
5097,-1.54,-1.54
5101,-1.51,-1.51
5106,-1.66,-1.66
5110,-1.86,-1.86
5115,-1.99,-1.99
5121,-2.00,-2.00
5125,-2.00,-2.00
5130,-1.97,-1.97
5134,-1.92,-1.92
5139,-1.87,-1.87
5143,-1.82,-1.82
5148,-1.77,-1.77
5153,-1.75,-1.75
5157,-1.75,-1.75
5163,-1.72,-1.72
5167,-1.74,-1.74
5172,-1.73,-1.73
5176,-1.73,-1.73
5181,-1.70,-1.70
5186,-1.66,-1.66
5190,-1.55,-1.55
5195,-1.52,-1.52
5199,-1.47,-1.47
5204,-1.38,-1.38
5209,-1.27,-1.27
5214,-1.11,-1.11
5219,-0.94,-0.94
5223,-0.81,-0.81
5228,-0.64,-0.64
5232,-0.48,-0.48
5237,-0.34,-0.34
5241,-0.15,-0.15
5246,0.02,0.02
5251,0.16,0.16
5255,0.29,0.29
5259,0.43,0.43
5263,0.55,0.55
5267,0.71,0.71
5271,0.83,0.83
5275,0.92,0.92
5279,1.03,1.03
5284,1.11,1.11
5288,1.06,1.06
5293,1.20,1.20
5297,1.57,1.57
5301,1.69,1.69
5305,1.94,1.94
5309,2.00,2.00
5313,2.00,2.00
5317,2.00,2.00
5321,2.00,2.00
5325,2.00,2.00
5329,2.00,2.00
5334,2.00,2.00
5338,2.00,2.00
5342,1.96,1.96
5346,1.72,1.72
5351,1.67,1.67
5355,1.65,1.65
5359,1.60,1.60
5363,1.56,1.56
5367,1.54,1.54
5371,1.53,1.53
5376,1.49,1.49
5380,1.48,1.48
5384,1.46,1.46
5388,1.44,1.44
5392,1.40,1.40
5396,1.36,1.36
5400,1.29,1.29
5404,1.22,1.22
5408,1.12,1.12
5412,0.98,0.98
5417,0.82,0.82
5422,0.65,0.65
5426,0.43,0.43
5430,0.28,0.28
5434,0.15,0.15
5438,0.04,0.04
5442,-0.05,-0.05
5446,-0.13,-0.13
5451,-0.08,-0.08
5456,-0.02,-0.02
5460,-0.06,-0.06
5466,-0.11,-0.11
5470,-0.18,-0.18
5475,-0.31,-0.31
5479,-0.44,-0.44
5484,-0.62,-0.62
5489,-0.85,-0.85
5493,-1.19,-1.19
5498,-1.22,-1.22
5502,-1.47,-1.47
5508,-1.64,-1.64
5512,-1.75,-1.75
5517,-1.90,-1.90
5522,-2.00,-2.00
5526,-2.00,-2.00
5531,-2.00,-2.00
5535,-2.00,-2.00
5540,-2.00,-2.00
5544,-2.00,-2.00
5550,-2.00,-2.00
5555,-2.00,-2.00
5559,-2.00,-2.00
5564,-2.00,-2.00
5568,-1.92,-1.92
5573,-1.72,-1.72
5577,-1.63,-1.63
5582,-1.45,-1.45
5587,-1.38,-1.38
5592,-1.44,-1.44
5597,-1.49,-1.49
5601,-1.54,-1.54
5606,-1.58,-1.58
5610,-1.62,-1.62
5615,-1.65,-1.65
5620,-1.68,-1.68
5624,-1.71,-1.71
5629,-1.76,-1.76
5634,-1.75,-1.75
5639,-1.80,-1.80
5643,-1.79,-1.79
5648,-1.79,-1.79
5653,-1.75,-1.75
5657,-1.76,-1.76
5662,-1.84,-1.84
5666,-1.84,-1.84
5671,-1.79,-1.79
5676,-1.71,-1.71
5681,-1.60,-1.60
5686,-1.44,-1.44
5690,-1.28,-1.28
5695,-1.10,-1.10
5699,-0.91,-0.91
5704,-0.74,-0.74
5708,-0.53,-0.53
5713,-0.35,-0.35
5719,-0.21,-0.21
5723,-0.04,-0.04
5728,0.14,0.14
5732,0.31,0.31
5736,0.45,0.45
5740,0.56,0.56
5744,0.68,0.68
5748,0.82,0.82
5752,0.92,0.92
5756,1.60,1.60
5761,1.66,1.66
5765,2.00,2.00
5769,2.00,2.00
5773,2.00,2.00
5777,2.00,2.00
5782,2.00,2.00
5786,2.00,2.00
5790,2.00,2.00
5794,1.95,1.95
5798,1.86,1.86
5803,1.75,1.75
5807,1.64,1.64
5811,1.59,1.59
5815,1.56,1.56
5819,1.50,1.50
5823,1.44,1.44
5827,1.41,1.41
5831,1.42,1.42
5835,1.42,1.42
5839,1.44,1.44
5843,1.49,1.49
5849,1.52,1.52
5853,1.54,1.54
5857,1.57,1.57
5861,1.61,1.61
5865,1.58,1.58
5869,1.63,1.63
5873,1.67,1.67
5877,1.61,1.61
5881,1.63,1.63
5885,1.62,1.62
5890,1.60,1.60
5894,1.56,1.56
5898,1.47,1.47
5902,1.36,1.36
5906,1.20,1.20
5910,1.01,1.01
5915,0.80,0.80
5919,0.60,0.60
5923,0.41,0.41
5927,0.22,0.22
5932,0.02,0.02
5936,-0.09,-0.09
5940,-0.18,-0.18
5945,-0.26,-0.26
5950,-0.19,-0.19
5954,-0.10,-0.10
5959,-0.11,-0.11
5963,-0.14,-0.14
5968,-0.18,-0.18
5972,-0.25,-0.25
5978,-0.35,-0.35
5983,-0.45,-0.45
5987,-0.65,-0.65
5992,-0.80,-0.80
5996,-0.91,-0.91
6001,-1.15,-1.15
6005,-1.38,-1.38
6010,-1.57,-1.57
6016,-1.69,-1.69
6020,-1.83,-1.83
6025,-1.95,-1.95
6029,-2.00,-2.00
6034,-2.00,-2.00
6038,-2.00,-2.00
6043,-2.00,-2.00
6048,-2.00,-2.00
6052,-2.00,-2.00
6057,-2.00,-2.00
6062,-2.00,-2.00
6067,-2.00,-2.00
6071,-1.71,-1.71
6076,-1.51,-1.51
6081,-1.51,-1.51
6085,-1.49,-1.49
6090,-1.65,-1.65
6094,-1.73,-1.73
6099,-1.76,-1.76
6104,-1.82,-1.82
6109,-1.82,-1.82
6114,-1.82,-1.82
6118,-1.82,-1.82
6123,-1.83,-1.83
6127,-1.83,-1.83
6132,-1.82,-1.82
6136,-1.82,-1.82
6141,-1.80,-1.80
6146,-1.82,-1.82
6151,-1.82,-1.82
6156,-1.86,-1.86
6160,-1.87,-1.87
6165,-1.84,-1.84
6169,-1.83,-1.83
6174,-1.81,-1.81
6178,-1.87,-1.87
6183,-1.84,-1.84
6189,-1.80,-1.80
6193,-1.71,-1.71
6198,-1.59,-1.59
6202,-1.45,-1.45
6207,-1.28,-1.28
6211,-1.10,-1.10
6216,-0.92,-0.92
6221,-0.73,-0.73
6225,-0.50,-0.50
6231,-0.30,-0.30
6235,-0.05,-0.05
6240,0.17,0.17
6244,0.36,0.36
6248,0.52,0.52
6252,0.69,0.69
6256,0.84,0.84
6260,1.01,1.01
6264,1.12,1.12
6268,1.57,1.57
6273,2.00,2.00
6277,2.00,2.00
6282,2.00,2.00
6286,2.00,2.00
6290,2.00,2.00
6294,2.00,2.00
6298,2.00,2.00
6302,2.00,2.00
6306,2.00,2.00
6310,2.00,2.00
6315,2.00,2.00
6319,2.00,2.00
6323,2.00,2.00
6327,1.95,1.95
6331,1.76,1.76
6335,1.56,1.56
6339,1.37,1.37
6343,1.22,1.22
6348,1.15,1.15
6352,1.12,1.12
6356,1.15,1.15
6361,1.21,1.21
6365,1.32,1.32
6369,1.39,1.39
6373,1.43,1.43
6377,1.48,1.48
6381,1.53,1.53
6385,1.58,1.58
6389,1.59,1.59
6393,1.58,1.58
6397,1.53,1.53
6402,1.56,1.56
6406,1.45,1.45
6410,1.32,1.32
6415,1.06,1.06
6419,0.80,0.80
6423,0.51,0.51
6427,0.21,0.21
6431,0.00,0.00
6435,-0.05,-0.05
6439,-0.17,-0.17
6445,-0.41,-0.41
6450,-0.57,-0.57
6454,-0.72,-0.72
6459,-0.86,-0.86
6463,-1.00,-1.00
6468,-1.16,-1.16
6472,-1.31,-1.31
6477,-1.23,-1.23
6482,-1.29,-1.29
6487,-1.31,-1.31
6492,-1.37,-1.37
6496,-1.38,-1.38
6501,-1.46,-1.46
6505,-1.54,-1.54
6510,-1.61,-1.61
6515,-1.92,-1.92
6519,-2.00,-2.00
6524,-2.00,-2.00
6529,-2.00,-2.00
6534,-2.00,-2.00
6538,-2.00,-2.00
6543,-2.00,-2.00
6548,-2.00,-2.00
6552,-2.00,-2.00
6557,-2.00,-2.00
6561,-2.00,-2.00
6566,-1.61,-1.61
6571,-1.59,-1.59
6576,-1.50,-1.50
6581,-1.45,-1.45
6585,-1.45,-1.45
6590,-1.59,-1.59
6594,-1.66,-1.66
6599,-1.69,-1.69
6603,-1.73,-1.73
6608,-1.80,-1.80
6614,-1.85,-1.85
6618,-1.93,-1.93
6623,-1.95,-1.95
6627,-1.99,-1.99
6632,-2.00,-2.00
6636,-2.00,-2.00
6641,-2.00,-2.00
6645,-2.00,-2.00
6650,-2.00,-2.00
6656,-1.98,-1.98
6660,-1.94,-1.94
6665,-1.92,-1.92
6669,-1.85,-1.85
6674,-1.71,-1.71
6678,-1.55,-1.55
6683,-1.44,-1.44
6688,-1.24,-1.24
6692,-1.04,-1.04
6697,-0.86,-0.86
6702,-0.61,-0.61
6707,-0.36,-0.36
6711,-0.17,-0.17
6716,0.10,0.10
6720,0.31,0.31
6724,0.49,0.49
6728,0.68,0.68
6732,0.81,0.81
6736,0.95,0.95
6740,1.06,1.06
6745,1.19,1.19
6750,1.46,1.46
6754,1.98,1.98
6758,2.00,2.00
6762,2.00,2.00
6766,2.00,2.00
6770,2.00,2.00
6774,2.00,2.00
6778,2.00,2.00
6782,2.00,2.00
6787,2.00,2.00
6791,2.00,2.00
6795,1.86,1.86
6799,1.77,1.77
6803,1.68,1.68
6807,1.61,1.61
6811,1.59,1.59
6816,1.60,1.60
6820,1.59,1.59
6824,1.59,1.59
6829,1.59,1.59
6833,1.53,1.53
6837,1.49,1.49
6841,1.44,1.44
6845,1.38,1.38
6849,1.32,1.32
6853,1.27,1.27
6857,1.20,1.20
6861,1.15,1.15
6865,1.10,1.10
6870,1.06,1.06
6874,1.02,1.02
6878,1.00,1.00
6883,0.97,0.97
6887,0.90,0.90
6891,0.84,0.84
6895,0.74,0.74
6899,0.61,0.61
6903,0.48,0.48
6907,0.33,0.33
6912,0.16,0.16
6916,0.08,0.08
6920,0.02,0.02
6924,-0.11,-0.11
6929,-0.25,-0.25
6933,-0.34,-0.34
6938,-0.45,-0.45
6942,-0.53,-0.53
6947,-0.60,-0.60
6952,-0.69,-0.69
6957,-0.96,-0.96
6962,-0.91,-0.91
6966,-1.17,-1.17
6971,-1.31,-1.31
6975,-1.47,-1.47
6980,-1.60,-1.60
6985,-1.69,-1.69
6989,-1.72,-1.72
6994,-1.74,-1.74
6999,-1.76,-1.76
7004,-1.75,-1.75
7008,-1.75,-1.75
7013,-1.77,-1.77
7018,-1.83,-1.83
7022,-1.87,-1.87
7027,-1.91,-1.91
7031,-1.97,-1.97
7036,-2.00,-2.00
7041,-2.00,-2.00
7046,-2.00,-2.00
7051,-2.00,-2.00
7055,-2.00,-2.00
7060,-2.00,-2.00
7064,-2.00,-2.00
7069,-2.00,-2.00
7073,-2.00,-2.00
7078,-2.00,-2.00
7084,-2.00,-2.00
7088,-1.77,-1.77
7093,-1.69,-1.69
7097,-1.68,-1.68
7102,-1.66,-1.66
7106,-1.65,-1.65
7111,-1.67,-1.67
7116,-1.70,-1.70
7120,-1.74,-1.74
7126,-1.77,-1.77
7130,-1.81,-1.81
7135,-1.83,-1.83
7139,-1.80,-1.80
7144,-1.73,-1.73
7149,-1.62,-1.62
7153,-1.52,-1.52
7158,-1.36,-1.36
7162,-1.16,-1.16
7168,-0.98,-0.98
7172,-0.75,-0.75
7177,-0.51,-0.51
7182,-0.28,-0.28
7186,-0.02,-0.02
7191,0.26,0.26
7195,0.48,0.48
7199,0.73,0.73
7203,1.01,1.01
7207,1.31,1.31
7212,1.64,1.64
7216,1.89,1.89
7220,2.00,2.00
7224,2.00,2.00
7228,2.00,2.00
7232,2.00,2.00
7236,2.00,2.00
7240,2.00,2.00
7244,2.00,2.00
7249,2.00,2.00
7254,2.00,2.00
7258,2.00,2.00
7262,2.00,2.00
7266,1.93,1.93
7270,1.81,1.81
7274,1.72,1.72
7278,1.61,1.61
7282,1.50,1.50
7286,1.37,1.37
7290,1.23,1.23
7294,1.12,1.12
7299,1.04,1.04
7303,1.02,1.02
7307,1.02,1.02
7311,1.07,1.07
7316,1.14,1.14
7320,1.22,1.22
7324,1.31,1.31
7328,1.39,1.39
7332,1.46,1.46
7336,1.53,1.53
7341,1.53,1.53
7345,1.45,1.45
7349,1.38,1.38
7353,1.33,1.33
7357,1.19,1.19
7361,1.02,1.02
7365,0.82,0.82
7369,0.54,0.54
7373,0.29,0.29
7378,0.09,0.09
7383,0.04,0.04
7387,-0.07,-0.07
7391,-0.29,-0.29
7396,-0.44,-0.44
7400,-0.59,-0.59
7405,-0.79,-0.79
7409,-0.94,-0.94
7414,-1.19,-1.19
7419,-1.17,-1.17
7424,-1.42,-1.42
7429,-1.51,-1.51
7433,-1.64,-1.64
7438,-1.77,-1.77
7442,-1.84,-1.84
7447,-1.98,-1.98
7452,-2.00,-2.00
7456,-2.00,-2.00
7461,-2.00,-2.00
7465,-2.00,-2.00
7471,-2.00,-2.00
7475,-2.00,-2.00
7480,-2.00,-2.00
7485,-2.00,-2.00
7489,-2.00,-2.00
7494,-2.00,-2.00
7498,-2.00,-2.00
7503,-2.00,-2.00
7507,-2.00,-2.00
7513,-1.77,-1.77
7518,-1.63,-1.63
7522,-1.54,-1.54
7527,-1.55,-1.55
7531,-1.63,-1.63
7536,-1.77,-1.77
7540,-1.87,-1.87
7545,-1.99,-1.99
7550,-2.00,-2.00
7555,-2.00,-2.00
7560,-2.00,-2.00
7564,-2.00,-2.00
7569,-2.00,-2.00
7573,-2.00,-2.00
7578,-2.00,-2.00
7583,-2.00,-2.00
7587,-1.95,-1.95
7592,-1.84,-1.84
7597,-1.67,-1.67
7602,-1.47,-1.47
7606,-1.33,-1.33
7611,-1.16,-1.16
7616,-0.97,-0.97
7620,-0.81,-0.81
7625,-0.57,-0.57
7629,-0.32,-0.32
7634,-0.13,-0.13
7639,0.12,0.12
7643,0.31,0.31
7648,0.49,0.49
7652,0.66,0.66
7656,0.91,0.91
7660,1.15,1.15
7664,1.41,1.41
7668,1.72,1.72
7672,2.00,2.00
7676,2.00,2.00
7681,2.00,2.00
7685,2.00,2.00
7689,2.00,2.00
7693,2.00,2.00
7697,2.00,2.00
7701,2.00,2.00
7705,2.00,2.00
7709,2.00,2.00
7714,2.00,2.00
7718,2.00,2.00
7723,1.99,1.99
7727,1.90,1.90
7731,1.83,1.83
7735,1.73,1.73
7739,1.61,1.61
7743,1.55,1.55
7747,1.49,1.49
7751,1.43,1.43
7755,1.38,1.38
7759,1.32,1.32
7763,1.29,1.29
7768,1.25,1.25
7772,1.20,1.20
7776,1.15,1.15
7781,1.07,1.07
7785,0.94,0.94
7789,0.82,0.82
7793,0.68,0.68
7797,0.55,0.55
7801,0.42,0.42
7805,0.33,0.33
7810,0.28,0.28
7814,0.21,0.21
7818,0.13,0.13
7822,0.03,0.03
7826,-0.03,-0.03
7831,-0.12,-0.12
7835,-0.25,-0.25
7840,-0.35,-0.35
7845,-0.52,-0.52
7849,-0.65,-0.65
7855,-0.75,-0.75
7859,-0.84,-0.84
7864,-1.05,-1.05
7868,-1.09,-1.09
7873,-1.27,-1.27
7878,-1.41,-1.41
7882,-1.53,-1.53
7887,-1.76,-1.76
7891,-2.00,-2.00
7897,-2.00,-2.00
7901,-2.00,-2.00
7906,-2.00,-2.00
7910,-2.00,-2.00
7915,-2.00,-2.00
7920,-2.00,-2.00
7924,-2.00,-2.00
7929,-2.00,-2.00
7933,-2.00,-2.00
7939,-2.00,-2.00
7943,-1.83,-1.83
7948,-1.51,-1.51
7953,-1.44,-1.44
7957,-1.50,-1.50
7962,-1.51,-1.51
7966,-1.52,-1.52
7971,-1.63,-1.63
7975,-1.72,-1.72
7981,-1.78,-1.78
7986,-1.82,-1.82
7990,-1.86,-1.86
7995,-1.89,-1.89
7999,-1.91,-1.91
8004,-1.94,-1.94
8008,-1.96,-1.96
8013,-1.92,-1.92
8018,-1.90,-1.90
8023,-1.88,-1.88
8028,-1.88,-1.88
8032,-1.89,-1.89
8037,-1.93,-1.93
8041,-1.93,-1.93
8046,-1.90,-1.90
8051,-1.88,-1.88
8055,-1.83,-1.83
8060,-1.72,-1.72
8065,-1.56,-1.56
8070,-1.41,-1.41
8074,-1.21,-1.21
8079,-1.03,-1.03
8084,-0.88,-0.88
8088,-0.74,-0.74
8093,-0.56,-0.56
8097,-0.35,-0.35
8102,-0.15,-0.15
8107,0.10,0.10
8112,0.30,0.30
8116,0.48,0.48
8120,0.63,0.63
8124,0.85,0.85
8128,1.04,1.04
8132,1.27,1.27
8136,1.52,1.52
8140,1.72,1.72
8144,1.95,1.95
8148,2.00,2.00
8153,2.00,2.00
8157,2.00,2.00
8161,2.00,2.00
8165,2.00,2.00
8169,2.00,2.00
8173,2.00,2.00
8178,2.00,2.00
8182,2.00,2.00
8186,2.00,2.00
8190,2.00,2.00
8195,1.83,1.83
8199,1.66,1.66
8203,1.51,1.51
8207,1.41,1.41
8211,1.30,1.30
8215,1.23,1.23
8219,1.15,1.15
8223,1.10,1.10
8227,1.06,1.06
8231,1.04,1.04
8236,1.03,1.03
8240,0.99,0.99
8245,0.92,0.92
8249,0.83,0.83
8253,0.74,0.74
8257,0.64,0.64
8261,0.57,0.57
8265,0.47,0.47
8269,0.37,0.37
8273,0.28,0.28
8278,0.20,0.20
8282,0.12,0.12
8286,0.02,0.02
8290,-0.06,-0.06
8295,-0.21,-0.21
8299,-0.33,-0.33
8304,-0.51,-0.51
8308,-0.71,-0.71
8313,-0.88,-0.88
8318,-1.07,-1.07
8323,-1.26,-1.26
8328,-1.51,-1.51
8332,-1.40,-1.40
8337,-1.68,-1.68
8341,-1.75,-1.75
8346,-1.79,-1.79
8351,-1.89,-1.89
8355,-1.98,-1.98
8360,-2.00,-2.00
8365,-2.00,-2.00
8370,-2.00,-2.00
8374,-2.00,-2.00
8379,-2.00,-2.00
8384,-2.00,-2.00
8388,-2.00,-2.00
8393,-1.94,-1.94
8397,-1.85,-1.85
8402,-1.79,-1.79
8407,-2.00,-2.00
8412,-1.62,-1.62
8417,-1.76,-1.76
8421,-1.87,-1.87
8426,-1.88,-1.88
8430,-1.89,-1.89
8435,-1.97,-1.97
8439,-1.99,-1.99
8444,-1.95,-1.95
8450,-1.90,-1.90
8454,-1.85,-1.85
8459,-1.83,-1.83
8463,-1.83,-1.83
8468,-1.85,-1.85
8472,-1.87,-1.87
8477,-1.87,-1.87
8482,-1.89,-1.89
8486,-1.91,-1.91
8492,-1.95,-1.95
8496,-1.97,-1.97
8501,-1.97,-1.97
8505,-1.95,-1.95
8510,-1.91,-1.91
8515,-1.86,-1.86
8519,-1.78,-1.78
8524,-1.62,-1.62
8528,-1.39,-1.39
8534,-1.17,-1.17
8538,-0.91,-0.91
8543,-0.65,-0.65
8548,-0.46,-0.46
8552,-0.22,-0.22
8557,0.02,0.02
8561,0.21,0.21
8565,0.43,0.43
8569,0.68,0.68
8573,0.92,0.92
8578,1.13,1.13
8582,1.34,1.34
8586,1.50,1.50
8590,1.61,1.61
8594,1.71,1.71
8598,1.70,1.70
8602,1.87,1.87
8606,1.86,1.86
8611,1.85,1.85
8615,1.81,1.81
8620,1.77,1.77
8624,1.69,1.69
8628,1.62,1.62
8632,1.60,1.60
8636,1.63,1.63
8640,1.61,1.61
8644,1.66,1.66
8648,1.73,1.73
8652,1.77,1.77
8656,1.80,1.80
8660,1.81,1.81
8665,1.79,1.79
8669,1.77,1.77
8673,1.71,1.71
8678,1.64,1.64
8682,1.56,1.56
8686,1.46,1.46
8690,1.39,1.39
8694,1.33,1.33
8698,1.32,1.32
8702,1.33,1.33
8707,1.35,1.35
8711,1.36,1.36
8715,1.34,1.34
8719,1.30,1.30
8723,1.22,1.22
8727,1.13,1.13
8731,1.03,1.03
8735,0.87,0.87
8739,0.70,0.70
8744,0.50,0.50
8749,0.27,0.27
8753,0.13,0.13
8757,0.04,0.04
8761,-0.13,-0.13
8765,-0.39,-0.39
8770,-0.58,-0.58
8774,-0.80,-0.80
8779,-0.95,-0.95
8784,-1.08,-1.08
8788,-1.32,-1.32
8794,-1.26,-1.26
8798,-1.39,-1.39
8803,-1.50,-1.50
8807,-1.58,-1.58
8812,-1.67,-1.67
8817,-1.72,-1.72
8821,-1.75,-1.75
8826,-1.84,-1.84
8830,-1.99,-1.99
8836,-2.00,-2.00
8840,-2.00,-2.00
8845,-2.00,-2.00
8850,-2.00,-2.00
8854,-2.00,-2.00
8859,-2.00,-2.00
8863,-2.00,-2.00
8868,-2.00,-2.00
8872,-2.00,-2.00
8878,-2.00,-2.00
8883,-2.00,-2.00
8887,-2.00,-2.00
8892,-1.99,-1.99
8896,-1.87,-1.87
8901,-1.79,-1.79
8905,-1.74,-1.74
8910,-1.76,-1.76
8915,-1.80,-1.80
8920,-1.85,-1.85
8925,-1.90,-1.90
8929,-1.90,-1.90
8934,-1.97,-1.97
8938,-1.98,-1.98
8943,-2.00,-2.00
8948,-2.00,-2.00
8952,-2.00,-2.00
8957,-2.00,-2.00
8962,-2.00,-2.00
8967,-2.00,-2.00
8971,-2.00,-2.00
8976,-2.00,-2.00
8981,-1.96,-1.96
8985,-1.75,-1.75
8990,-1.47,-1.47
8994,-1.27,-1.27
8999,-1.01,-1.01
9004,-0.80,-0.80
9009,-0.69,-0.69
9014,-0.51,-0.51
9018,-0.30,-0.30
9023,-0.08,-0.08
9027,0.11,0.11
9031,0.31,0.31
9035,0.55,0.55
9039,0.73,0.73
9044,0.90,0.90
9049,1.06,1.06
9053,1.29,1.29
9057,1.56,1.56
9061,1.92,1.92
9065,1.98,1.98
9069,2.00,2.00
9073,2.00,2.00
9077,2.00,2.00
9081,2.00,2.00
9085,2.00,2.00
9090,2.00,2.00
9094,2.00,2.00
9098,2.00,2.00
9102,2.00,2.00
9106,2.00,2.00
9111,2.00,2.00
9115,2.00,2.00
9119,1.95,1.95
9123,1.74,1.74
9127,1.54,1.54
9132,1.37,1.37
9136,1.24,1.24
9140,1.12,1.12
9144,1.08,1.08
9148,1.06,1.06
9152,1.06,1.06
9156,1.05,1.05
9160,1.04,1.04
9164,1.03,1.03
9168,1.01,1.01
9172,0.98,0.98
9178,0.93,0.93
9182,0.86,0.86
9186,0.77,0.77
9190,0.64,0.64
9194,0.45,0.45
9198,0.35,0.35
9202,0.29,0.29
9206,0.20,0.20
9210,0.04,0.04
9214,-0.07,-0.07
9220,-0.26,-0.26
9224,-0.43,-0.43
9229,-0.54,-0.54
9233,-0.85,-0.85
9238,-0.83,-0.83
9243,-1.03,-1.03
9247,-1.22,-1.22
9252,-1.37,-1.37
9256,-1.45,-1.45
9262,-1.54,-1.54
9266,-1.74,-1.74
9271,-1.98,-1.98
9275,-2.00,-2.00
9280,-2.00,-2.00
9285,-2.00,-2.00
9289,-2.00,-2.00
9294,-2.00,-2.00
9298,-2.00,-2.00
9304,-2.00,-2.00
9308,-2.00,-2.00
9313,-2.00,-2.00
9318,-2.00,-2.00
9322,-2.00,-2.00
9327,-2.00,-2.00
9331,-1.93,-1.93
9336,-1.70,-1.70
9340,-1.51,-1.51
9346,-1.43,-1.43
9351,-1.44,-1.44
9355,-1.48,-1.48
9360,-1.53,-1.53
9364,-1.60,-1.60
9369,-1.68,-1.68
9373,-1.74,-1.74
9378,-1.82,-1.82
9383,-1.91,-1.91
9388,-1.99,-1.99
9393,-2.00,-2.00
9397,-2.00,-2.00
9402,-2.00,-2.00
9406,-2.00,-2.00
9411,-2.00,-2.00
9416,-2.00,-2.00
9420,-2.00,-2.00
9425,-2.00,-2.00
9430,-1.97,-1.97
9435,-1.92,-1.92
9439,-1.80,-1.80
9444,-1.61,-1.61
9449,-1.44,-1.44
9453,-1.25,-1.25
9458,-1.09,-1.09
9462,-0.96,-0.96
9467,-0.78,-0.78
9472,-0.60,-0.60
9477,-0.43,-0.43
9482,-0.23,-0.23
9486,0.00,0.00
9490,0.19,0.19
9494,0.36,0.36
9498,0.55,0.55
9502,0.73,0.73
9506,1.00,1.00
9511,1.23,1.23
9516,1.47,1.47
9520,1.58,1.58
9524,2.00,2.00
9528,1.96,1.96
9532,2.00,2.00
9536,2.00,2.00
9540,2.00,2.00
9544,2.00,2.00
9548,2.00,2.00
9552,2.00,2.00
9556,2.00,2.00
9561,2.00,2.00
9565,2.00,2.00
9569,2.00,2.00
9573,2.00,2.00
9578,1.92,1.92
9582,1.80,1.80
9586,1.69,1.69
9590,1.61,1.61
9594,1.53,1.53
9598,1.45,1.45
9603,1.37,1.37
9607,1.32,1.32
9611,1.30,1.30
9615,1.32,1.32
9619,1.39,1.39
9623,1.49,1.49
9627,1.57,1.57
9631,1.66,1.66
9635,1.71,1.71
9639,1.75,1.75
9645,1.76,1.76
9649,1.71,1.71
9653,1.68,1.68
9657,1.67,1.67
9661,1.67,1.67
9665,1.66,1.66
9669,1.59,1.59
9673,1.41,1.41
9677,1.14,1.14
9681,0.82,0.82
9686,0.55,0.55
9690,0.41,0.41
9694,0.15,0.15
9698,-0.12,-0.12
9703,-0.34,-0.34
9708,-0.57,-0.57
9712,-0.82,-0.82
9717,-1.01,-1.01
9721,-1.32,-1.32
9726,-1.28,-1.28
9731,-1.48,-1.48
9736,-1.56,-1.56
9740,-1.63,-1.63
9745,-1.73,-1.73
9750,-1.78,-1.78
9754,-1.86,-1.86
9759,-1.93,-1.93
9763,-2.00,-2.00
9768,-2.00,-2.00
9773,-2.00,-2.00
9778,-2.00,-2.00
9783,-2.00,-2.00
9787,-2.00,-2.00
9792,-2.00,-2.00
9796,-2.00,-2.00
9801,-1.97,-1.97
9805,-1.82,-1.82
9810,-1.74,-1.74
9816,-1.72,-1.72
9820,-1.77,-1.77
9825,-1.85,-1.85
9829,-1.98,-1.98
9834,-2.00,-2.00
9838,-2.00,-2.00
9843,-2.00,-2.00
9848,-1.88,-1.88
9852,-1.77,-1.77
9858,-1.70,-1.70
9862,-1.74,-1.74
9867,-1.72,-1.72
9871,-1.73,-1.73
9876,-1.72,-1.72
9881,-1.83,-1.83
9885,-1.97,-1.97
9890,-2.00,-2.00
9894,-2.00,-2.00
9900,-2.00,-2.00
9904,-2.00,-2.00
9909,-2.00,-2.00
9914,-2.00,-2.00
9918,-2.00,-2.00
9923,-2.00,-2.00
9927,-2.00,-2.00
9932,-2.00,-2.00
9936,-1.90,-1.90
9942,-1.79,-1.79
9947,-1.60,-1.60
9951,-1.33,-1.33
9956,-1.08,-1.08
9960,-0.78,-0.78
9965,-0.49,-0.49
9969,-0.29,-0.29
9974,-0.02,-0.02
9979,0.23,0.23
9984,0.42,0.42
9988,0.63,0.63
9992,0.86,0.86
9996,1.08,1.08
10000,1.29,1.29
10004,1.55,1.55
10009,1.76,1.76
10013,2.00,2.00
10017,2.00,2.00
10021,2.00,2.00
10027,2.00,2.00
10031,2.00,2.00
10035,2.00,2.00
10040,2.00,2.00
10044,2.00,2.00
10048,2.00,2.00
10053,2.00,2.00
10057,2.00,2.00
10061,2.00,2.00
10066,2.00,2.00
10071,2.00,2.00
10075,1.95,1.95
10080,1.80,1.80
10084,1.67,1.67
10088,1.58,1.58
10093,1.53,1.53
10097,1.48,1.48
10101,1.47,1.47
10105,1.52,1.52
10110,1.50,1.50
10115,1.50,1.50
10119,1.56,1.56
10124,1.55,1.55
10128,1.55,1.55
10132,1.55,1.55
10137,1.52,1.52
10141,1.45,1.45
10145,1.46,1.46
10150,1.52,1.52
10155,1.52,1.52
10159,1.42,1.42
10164,1.34,1.34
10168,1.24,1.24
10172,1.03,1.03
10177,0.80,0.80
10181,0.56,0.56
10185,0.39,0.39
10189,0.10,0.10
10194,-0.11,-0.11
10200,-0.35,-0.35
10204,-0.72,-0.72
10209,-0.93,-0.93
10214,-1.28,-1.28
10219,-1.36,-1.36
10224,-1.64,-1.64
10229,-1.81,-1.81
10233,-1.99,-1.99
10238,-2.00,-2.00
10244,-2.00,-2.00
10249,-2.00,-2.00
10254,-2.00,-2.00
10259,-2.00,-2.00
10263,-2.00,-2.00
10268,-2.00,-2.00
10273,-2.00,-2.00
10278,-2.00,-2.00
10284,-2.00,-2.00
10288,-2.00,-2.00
10293,-2.00,-2.00
10298,-2.00,-2.00
10303,-1.98,-1.98
10308,-1.96,-1.96
10313,-1.93,-1.93
10317,-1.85,-1.85
10322,-1.76,-1.76
10328,-1.67,-1.67
10333,-1.65,-1.65
10338,-1.70,-1.70
10343,-1.74,-1.74
10347,-1.85,-1.85
10352,-1.91,-1.91
10357,-1.96,-1.96
10362,-2.00,-2.00
10368,-2.00,-2.00
10372,-2.00,-2.00
10377,-1.98,-1.98
10382,-1.95,-1.95
10387,-1.91,-1.91
10392,-1.88,-1.88
10397,-1.86,-1.86
10401,-1.81,-1.81
10406,-1.74,-1.74
10412,-1.66,-1.66
10417,-1.56,-1.56
10422,-1.38,-1.38
10427,-1.16,-1.16
10431,-0.95,-0.95
10436,-0.76,-0.76
10441,-0.58,-0.58
10446,-0.43,-0.43
10451,-0.25,-0.25
10456,-0.01,-0.01
10461,0.27,0.27
10466,0.54,0.54
10470,0.95,0.95
10474,1.27,1.27
10479,1.60,1.60
10483,2.00,2.00
10487,2.00,2.00
10492,2.00,2.00
10497,2.00,2.00
10501,2.00,2.00
10505,2.00,2.00
10510,2.00,2.00
10514,2.00,2.00
10518,2.00,2.00
10523,2.00,2.00
10527,2.00,2.00
10531,2.00,2.00
10536,2.00,2.00
10541,1.83,1.83
10545,1.62,1.62
10550,1.43,1.43
10554,1.33,1.33
10558,1.25,1.25
10563,1.22,1.22
10567,1.22,1.22
10571,1.24,1.24
10576,1.29,1.29
10580,1.30,1.30
10585,1.34,1.34
10589,1.40,1.40
10594,1.47,1.47
10598,1.56,1.56
10602,1.57,1.57
10607,1.61,1.61
10611,1.64,1.64
10615,1.65,1.65
10620,1.53,1.53
10625,1.39,1.39
10629,1.17,1.17
10634,0.96,0.96
10638,0.76,0.76
10642,0.53,0.53
10647,0.37,0.37
10651,0.15,0.15
10655,-0.11,-0.11
10660,-0.40,-0.40
10665,-0.67,-0.67
10671,-0.92,-0.92
10676,-1.09,-1.09
10680,-1.26,-1.26
10685,-1.48,-1.48
10690,-1.40,-1.40
10695,-1.60,-1.60
10700,-1.70,-1.70
10704,-1.78,-1.78
10710,-1.88,-1.88
10715,-2.00,-2.00
10720,-2.00,-2.00
10725,-2.00,-2.00
10730,-2.00,-2.00
10734,-2.00,-2.00
10739,-2.00,-2.00
10744,-2.00,-2.00
10749,-2.00,-2.00
10755,-2.00,-2.00
10760,-2.00,-2.00
10764,-2.00,-2.00
10769,-2.00,-2.00
10774,-2.00,-2.00
10779,-2.00,-2.00
10784,-2.00,-2.00
10788,-2.00,-2.00
10793,-2.00,-2.00
10799,-2.00,-2.00
10804,-2.00,-2.00
10809,-2.00,-2.00
10814,-2.00,-2.00
10818,-2.00,-2.00
10823,-2.00,-2.00
10828,-2.00,-2.00
10833,-2.00,-2.00
10839,-2.00,-2.00
10844,-1.95,-1.95
10848,-1.88,-1.88
10853,-1.81,-1.81
10858,-1.70,-1.70
10863,-1.58,-1.58
10868,-1.41,-1.41
10873,-1.35,-1.35
10877,-1.21,-1.21
10883,-1.02,-1.02
10888,-0.74,-0.74
10893,-0.45,-0.45
10898,-0.14,-0.14
10902,0.14,0.14
10907,0.45,0.45
10911,0.75,0.75
10915,1.00,1.00
10920,1.30,1.30
10925,1.55,1.55
10929,1.81,1.81
10934,2.00,2.00
10938,2.00,2.00
10942,2.00,2.00
10947,2.00,2.00
10951,2.00,2.00
10955,2.00,2.00
10960,2.00,2.00
10964,2.00,2.00
10969,2.00,2.00
10974,2.00,2.00
10978,2.00,2.00
10982,2.00,2.00
10986,1.81,1.81
10991,1.60,1.60
10995,1.37,1.37
10999,1.21,1.21
11004,1.05,1.05
11009,0.97,0.97
11013,0.95,0.95
11018,0.95,0.95
11022,0.99,0.99
11026,1.03,1.03
11031,1.09,1.09
11035,1.20,1.20
11039,1.30,1.30
11044,1.41,1.41
11048,1.46,1.46
11053,1.50,1.50
11058,1.50,1.50
11062,1.46,1.46
11066,1.37,1.37
11070,1.28,1.28
11075,1.16,1.16
11079,0.97,0.97
11083,0.76,0.76
11088,0.57,0.57
11092,0.39,0.39
11097,0.07,0.07
11102,-0.18,-0.18
11107,-0.45,-0.45
11111,-0.68,-0.68
11116,-0.86,-0.86
11121,-1.05,-1.05
11126,-1.09,-1.09
11131,-1.31,-1.31
11136,-1.41,-1.41
11141,-1.48,-1.48
11146,-1.55,-1.55
11151,-1.66,-1.66
11156,-1.74,-1.74
11161,-1.79,-1.79
11165,-1.81,-1.81
11170,-1.82,-1.82
11175,-1.86,-1.86
11181,-1.91,-1.91
11186,-1.99,-1.99
11191,-2.00,-2.00
11195,-2.00,-2.00
11200,-2.00,-2.00
11205,-2.00,-2.00
11210,-2.00,-2.00
11215,-2.00,-2.00
11219,-2.00,-2.00
11225,-2.00,-2.00
11230,-2.00,-2.00
11235,-2.00,-2.00
11240,-1.96,-1.96
11245,-1.82,-1.82
11249,-1.73,-1.73
11254,-1.64,-1.64
11259,-1.58,-1.58
11265,-1.64,-1.64
11270,-1.73,-1.73
11275,-1.82,-1.82
11279,-1.92,-1.92
11284,-2.00,-2.00
11289,-2.00,-2.00
11294,-2.00,-2.00
11299,-2.00,-2.00
11303,-2.00,-2.00
11309,-2.00,-2.00
11314,-1.92,-1.92
11319,-1.83,-1.83
11324,-1.70,-1.70
11329,-1.48,-1.48
11333,-1.22,-1.22
11338,-0.95,-0.95
11343,-0.60,-0.60
11348,-0.27,-0.27
11354,0.04,0.04
11358,0.26,0.26
11362,0.55,0.55
11367,0.76,0.76
11371,1.02,1.02
11375,1.22,1.22
11380,1.40,1.40
11384,1.59,1.59
11388,1.70,1.70
11394,1.82,1.82
11398,1.92,1.92
11402,1.88,1.88
11407,2.00,2.00
11411,2.00,2.00
11415,2.00,2.00
11419,2.00,2.00
11424,2.00,2.00
11428,2.00,2.00
11432,2.00,2.00
11438,2.00,2.00
11442,2.00,2.00
11446,2.00,2.00
11451,2.00,2.00
11455,1.73,1.73
11459,1.53,1.53
11464,1.35,1.35
11468,1.21,1.21
11472,1.13,1.13
11478,1.06,1.06
11482,1.05,1.05
11486,1.05,1.05
11491,1.06,1.06
11495,1.08,1.08
11499,1.11,1.11
11503,1.16,1.16
11508,1.13,1.13
11512,1.07,1.07
11516,0.97,0.97
11522,0.81,0.81
11526,0.64,0.64
11530,0.41,0.41
11535,0.21,0.21
11539,0.09,0.09
11543,-0.05,-0.05
11548,-0.28,-0.28
11553,-0.42,-0.42
11558,-0.59,-0.59
11564,-0.73,-0.73
11568,-0.88,-0.88
11573,-1.09,-1.09
11578,-1.22,-1.22
11583,-1.36,-1.36
11588,-1.49,-1.49
11593,-1.64,-1.64
11597,-1.80,-1.80
11602,-1.99,-1.99
11608,-2.00,-2.00
11613,-2.00,-2.00
11618,-2.00,-2.00
11623,-2.00,-2.00
11627,-2.00,-2.00
11632,-2.00,-2.00
11637,-2.00,-2.00
11642,-2.00,-2.00
11648,-2.00,-2.00
11652,-2.00,-2.00
11657,-2.00,-2.00
11662,-1.98,-1.98
11667,-1.96,-1.96
11672,-1.94,-1.94
11677,-1.84,-1.84
11681,-1.80,-1.80
11686,-1.74,-1.74
11692,-1.67,-1.67
11697,-1.68,-1.68
11702,-1.68,-1.68
11707,-1.75,-1.75
11711,-1.86,-1.86
11716,-1.96,-1.96
11721,-2.00,-2.00
11726,-2.00,-2.00
11731,-2.00,-2.00
11736,-2.00,-2.00
11741,-2.00,-2.00
11746,-2.00,-2.00
11751,-2.00,-2.00
11756,-2.00,-2.00
11761,-1.98,-1.98
11765,-1.85,-1.85
11770,-1.71,-1.71
11776,-1.55,-1.55
11781,-1.30,-1.30
11786,-1.04,-1.04
11791,-0.81,-0.81
11795,-0.60,-0.60
11800,-0.39,-0.39
11805,-0.21,-0.21
11810,0.00,0.00
11814,0.12,0.12
11819,0.31,0.31
11824,0.54,0.54
11828,0.74,0.74
11832,0.99,0.99
11837,1.19,1.19
11841,1.50,1.50
11845,1.73,1.73
11850,1.94,1.94
11854,2.00,2.00
11858,2.00,2.00
11864,2.00,2.00
11868,2.00,2.00
11872,2.00,2.00
11877,2.00,2.00
11881,2.00,2.00
11885,2.00,2.00
11890,2.00,2.00
11894,2.00,2.00
11898,1.97,1.97
11902,1.74,1.74
11908,1.48,1.48
11912,1.32,1.32
11916,1.23,1.23
11921,1.16,1.16
11925,1.16,1.16
11929,1.18,1.18
11934,1.20,1.20
11938,1.20,1.20
11942,1.22,1.22
11948,1.24,1.24
11952,1.25,1.25
11956,1.27,1.27
11961,1.26,1.26
11965,1.24,1.24
11969,1.20,1.20
11974,1.18,1.18
11978,1.08,1.08
11982,0.96,0.96
11986,0.83,0.83
11992,0.64,0.64
11996,0.44,0.44
12000,0.18,0.18
12005,0.08,0.08
12009,-0.05,-0.05
12014,-0.19,-0.19
12019,-0.41,-0.41
12024,-0.54,-0.54
12028,-0.85,-0.85
12034,-0.87,-0.87
12039,-1.14,-1.14
12044,-1.32,-1.32
12049,-1.50,-1.50
12053,-1.74,-1.74
12058,-1.96,-1.96
12063,-2.00,-2.00
12068,-2.00,-2.00
12073,-2.00,-2.00
12079,-2.00,-2.00
12083,-2.00,-2.00
12088,-2.00,-2.00
12093,-2.00,-2.00
12098,-2.00,-2.00
12103,-2.00,-2.00
12108,-2.00,-2.00
12112,-2.00,-2.00
12118,-2.00,-2.00
12123,-2.00,-2.00
12128,-1.97,-1.97
12133,-2.00,-2.00
12137,-2.00,-2.00
12142,-1.88,-1.88
12147,-1.72,-1.72
12152,-1.63,-1.63
12157,-1.52,-1.52
12163,-1.49,-1.49
12167,-1.51,-1.51
12172,-1.53,-1.53
12177,-1.61,-1.61
12182,-1.70,-1.70
12187,-1.82,-1.82
12192,-1.93,-1.93
12196,-2.00,-2.00
12201,-2.00,-2.00
12207,-2.00,-2.00
12212,-2.00,-2.00
12217,-1.99,-1.99
12222,-1.95,-1.95
12226,-1.91,-1.91
12231,-1.83,-1.83
12236,-1.70,-1.70
12241,-1.54,-1.54
12247,-1.39,-1.39
12251,-1.23,-1.23
12256,-1.10,-1.10
12261,-0.91,-0.91
12266,-0.72,-0.72
12271,-0.52,-0.52
12276,-0.29,-0.29
12280,-0.05,-0.05
12285,0.23,0.23
12291,0.49,0.49
12295,0.69,0.69
12299,0.89,0.89
12303,1.09,1.09
12308,1.26,1.26
12312,1.46,1.46
12316,1.59,1.59
12321,1.72,1.72
12325,1.87,1.87
12329,1.80,1.80
12335,2.00,2.00
12339,2.00,2.00
12343,2.00,2.00
12348,2.00,2.00
12352,2.00,2.00
12356,1.97,1.97
12361,1.85,1.85
12365,1.68,1.68
12369,1.62,1.62
12375,1.39,1.39
12379,1.28,1.28
12383,1.19,1.19
12388,1.09,1.09
12392,1.04,1.04
12396,1.01,1.01
12400,1.04,1.04
12405,1.09,1.09
12409,1.18,1.18
12413,1.24,1.24
12419,1.30,1.30
12423,1.30,1.30
12427,1.28,1.28
12432,1.29,1.29
12436,1.27,1.27
12440,1.30,1.30
12445,1.31,1.31
12449,1.34,1.34
12453,1.32,1.32
12459,1.28,1.28
12463,1.22,1.22
12467,1.16,1.16
12472,1.08,1.08
12476,0.94,0.94
12480,0.70,0.70
12484,0.49,0.49
12489,0.29,0.29
12493,0.03,0.03
12497,-0.08,-0.08
12503,-0.19,-0.19
12508,-0.34,-0.34
12513,-0.50,-0.50
12518,-0.67,-0.67
12523,-0.81,-0.81
12527,-1.04,-1.04
12532,-0.97,-0.97
12537,-1.11,-1.11
12542,-1.20,-1.20
12548,-1.31,-1.31
12552,-1.41,-1.41
12557,-1.45,-1.45
12562,-1.50,-1.50
12567,-1.58,-1.58
12572,-1.68,-1.68
12577,-1.85,-1.85
12581,-2.00,-2.00
12587,-2.00,-2.00
12592,-2.00,-2.00
12597,-2.00,-2.00
12602,-2.00,-2.00
12607,-2.00,-2.00
12611,-2.00,-2.00
12616,-2.00,-2.00
12621,-2.00,-2.00
12626,-2.00,-2.00
12632,-2.00,-2.00
12636,-2.00,-2.00
12641,-2.00,-2.00
12646,-2.00,-2.00
12651,-2.00,-2.00
12656,-1.95,-1.95
12661,-1.92,-1.92
12665,-1.86,-1.86
12670,-1.84,-1.84
12676,-1.88,-1.88
12681,-1.90,-1.90
12686,-1.95,-1.95
12691,-2.00,-2.00
12695,-2.00,-2.00
12700,-2.00,-2.00
12705,-2.00,-2.00
12710,-2.00,-2.00
12716,-2.00,-2.00
12720,-2.00,-2.00
12725,-2.00,-2.00
12730,-1.75,-1.75
12735,-1.48,-1.48
12740,-1.22,-1.22
12745,-0.97,-0.97
12749,-0.70,-0.70
12754,-0.46,-0.46
12760,-0.21,-0.21
12765,0.07,0.07
12769,0.33,0.33
12774,0.64,0.64
12778,0.90,0.90
12782,1.21,1.21
12787,1.47,1.47
12791,1.74,1.74
12795,2.00,2.00
12800,2.00,2.00
12805,2.00,2.00
12809,2.00,2.00
12813,2.00,2.00
12818,2.00,2.00
12822,2.00,2.00
12826,2.00,2.00
12831,2.00,2.00
12835,2.00,2.00
12839,2.00,2.00
12845,2.00,2.00
12849,2.00,2.00
12853,2.00,2.00
12858,1.88,1.88
12862,1.66,1.66
12866,1.42,1.42
12871,1.27,1.27
12875,1.10,1.10
12879,0.96,0.96
12883,0.87,0.87
12889,0.79,0.79
12893,0.75,0.75
12897,0.72,0.72
12902,0.73,0.73
12906,0.77,0.77
12910,0.82,0.82
12915,0.84,0.84
12919,0.85,0.85
12923,0.81,0.81
12929,0.73,0.73
12933,0.61,0.61
12937,0.44,0.44
12942,0.22,0.22
12946,0.13,0.13
12950,-0.05,-0.05
12955,-0.28,-0.28
12960,-0.41,-0.41
12965,-0.63,-0.63
12971,-0.88,-0.88
12975,-1.13,-1.13
12980,-1.14,-1.14
12985,-1.34,-1.34
12990,-1.59,-1.59
12995,-1.81,-1.81
12999,-1.98,-1.98
13004,-2.00,-2.00
13009,-2.00,-2.00
13015,-2.00,-2.00
13020,-2.00,-2.00
13025,-2.00,-2.00
13029,-2.00,-2.00
13034,-2.00,-2.00
13039,-2.00,-2.00
13044,-2.00,-2.00
13049,-2.00,-2.00
13054,-1.95,-1.95
13059,-1.91,-1.91
13064,-1.92,-1.92
13069,-1.93,-1.93
13074,-1.91,-1.91
13079,-1.83,-1.83
13083,-1.73,-1.73
13088,-1.65,-1.65
13093,-1.60,-1.60
13099,-1.59,-1.59
13104,-1.63,-1.63
13109,-1.75,-1.75
13113,-1.80,-1.80
13118,-1.84,-1.84
13123,-1.92,-1.92
13128,-1.96,-1.96
13133,-2.00,-2.00
13138,-2.00,-2.00
13143,-2.00,-2.00
13148,-2.00,-2.00
13153,-2.00,-2.00
13158,-2.00,-2.00
13163,-2.00,-2.00
13167,-2.00,-2.00
13172,-1.92,-1.92
13177,-1.77,-1.77
13182,-1.58,-1.58
13188,-1.35,-1.35
13193,-1.14,-1.14
13197,-0.91,-0.91
13202,-0.71,-0.71
13207,-0.53,-0.53
13212,-0.31,-0.31
13217,-0.06,-0.06
13222,0.22,0.22
13227,0.53,0.53
13231,0.76,0.76
13236,1.05,1.05
13240,1.32,1.32
13244,1.58,1.58
13248,1.92,1.92
13253,2.00,2.00
13257,2.00,2.00
13261,2.00,2.00
13266,2.00,2.00
13271,2.00,2.00
13275,2.00,2.00
13280,2.00,2.00
13284,2.00,2.00
13288,2.00,2.00
13293,2.00,2.00
13297,2.00,2.00
13301,2.00,2.00
13306,2.00,2.00
13310,2.00,2.00
13315,1.86,1.86
13320,1.69,1.69
13324,1.52,1.52
13328,1.40,1.40
13332,1.32,1.32
13337,1.29,1.29
13341,1.28,1.28
13345,1.28,1.28
13350,1.29,1.29
13355,1.31,1.31
13359,1.34,1.34
13364,1.40,1.40
13368,1.39,1.39
13372,1.40,1.40
13377,1.36,1.36
13381,1.31,1.31
13385,1.23,1.23
13390,1.14,1.14
13394,0.96,0.96
13399,0.82,0.82
13404,0.62,0.62
13408,0.32,0.32
13412,0.08,0.08
13416,-0.13,-0.13
13421,-0.29,-0.29
13426,-0.40,-0.40
13431,-0.53,-0.53
13436,-0.63,-0.63
13442,-0.76,-0.76
13446,-0.82,-0.82
13451,-0.93,-0.93
13456,-1.06,-1.06
13461,-1.17,-1.17
13466,-1.26,-1.26
13471,-1.38,-1.38
13475,-1.46,-1.46
13480,-1.52,-1.52
13486,-1.58,-1.58
13491,-1.66,-1.66
13496,-1.74,-1.74
13500,-1.83,-1.83
13505,-1.92,-1.92
13510,-2.00,-2.00
13515,-2.00,-2.00
13520,-2.00,-2.00
13526,-2.00,-2.00
13530,-2.00,-2.00
13535,-2.00,-2.00
13540,-2.00,-2.00
13545,-1.99,-1.99
13550,-1.90,-1.90
13555,-2.00,-2.00
13559,-1.65,-1.65
13564,-1.77,-1.77
13570,-1.77,-1.77
13575,-1.65,-1.65
13580,-1.43,-1.43
13584,-1.35,-1.35
13589,-1.32,-1.32
13594,-1.32,-1.32
13599,-1.36,-1.36
13604,-1.46,-1.46
13609,-1.60,-1.60
13614,-1.81,-1.81
13619,-1.93,-1.93
13624,-2.00,-2.00
13629,-2.00,-2.00
13634,-2.00,-2.00
13639,-2.00,-2.00
13643,-2.00,-2.00
13648,-2.00,-2.00
13654,-2.00,-2.00
13659,-2.00,-2.00
13664,-2.00,-2.00
13669,-1.90,-1.90
13673,-1.77,-1.77
13678,-1.63,-1.63
13683,-1.44,-1.44
13688,-1.24,-1.24
13693,-1.02,-1.02
13698,-0.82,-0.82
13703,-0.63,-0.63
13708,-0.45,-0.45
13713,-0.25,-0.25
13718,-0.06,-0.06
13723,0.14,0.14
13727,0.30,0.30
13731,0.55,0.55
13736,0.78,0.78
13741,1.06,1.06
13745,1.30,1.30
13749,1.50,1.50
13754,1.68,1.68
13758,2.00,2.00
13762,1.92,1.92
13767,2.00,2.00
13771,2.00,2.00
13775,2.00,2.00
13780,2.00,2.00
13785,2.00,2.00
13789,2.00,2.00
13794,2.00,2.00
13798,2.00,2.00
13802,2.00,2.00
13807,1.99,1.99
13811,1.93,1.93
13815,1.92,1.92
13820,1.90,1.90
13825,1.88,1.88
13829,1.86,1.86
13833,1.83,1.83
13838,1.77,1.77
13842,1.74,1.74
13846,1.65,1.65
13851,1.61,1.61
13855,1.57,1.57
13859,1.51,1.51
13864,1.45,1.45
13869,1.37,1.37
13873,1.29,1.29
13878,1.14,1.14
13882,1.00,1.00
13886,0.84,0.84
13891,0.67,0.67
13895,0.51,0.51
13899,0.34,0.34
13904,0.32,0.32
13908,0.23,0.23
13913,0.13,0.13
13917,0.04,0.04
13922,-0.19,-0.19
13927,-0.41,-0.41
13931,-0.60,-0.60
13936,-0.84,-0.84
13941,-1.23,-1.23
13946,-1.27,-1.27
13952,-1.64,-1.64
13957,-1.96,-1.96
13961,-2.00,-2.00
13966,-2.00,-2.00
13971,-2.00,-2.00
13976,-2.00,-2.00
13981,-2.00,-2.00
13986,-2.00,-2.00
13990,-2.00,-2.00
13996,-2.00,-2.00
14001,-2.00,-2.00
14006,-2.00,-2.00
14011,-2.00,-2.00
14015,-1.96,-1.96
14020,-1.91,-1.91
14025,-1.88,-1.88
14030,-2.00,-2.00
14035,-1.77,-1.77
14041,-2.00,-2.00
14045,-2.00,-2.00
14050,-2.00,-2.00
14055,-1.84,-1.84
14060,-1.71,-1.71
14065,-1.64,-1.64
14070,-1.62,-1.62
14074,-1.65,-1.65
14080,-1.70,-1.70
14085,-1.76,-1.76
14090,-1.95,-1.95
14095,-2.00,-2.00
14099,-2.00,-2.00
14104,-2.00,-2.00
14109,-2.00,-2.00
14114,-2.00,-2.00
14119,-2.00,-2.00
14125,-2.00,-2.00
14129,-1.99,-1.99
14134,-1.80,-1.80
14139,-1.67,-1.67
14144,-1.53,-1.53
14149,-1.34,-1.34
14154,-1.16,-1.16
14158,-0.98,-0.98
14163,-0.82,-0.82
14169,-0.58,-0.58
14174,-0.34,-0.34
14179,-0.08,-0.08
14183,0.17,0.17
14188,0.45,0.45
14192,0.71,0.71
14196,1.01,1.01
14201,1.22,1.22
14205,1.47,1.47
14210,1.65,1.65
14215,1.84,1.84
14219,1.78,1.78
14223,2.00,2.00
14228,2.00,2.00
14232,2.00,2.00
14236,2.00,2.00
14241,2.00,2.00
14245,2.00,2.00
14249,2.00,2.00
14255,2.00,2.00
14259,2.00,2.00
14263,2.00,2.00
14268,1.96,1.96
14272,1.87,1.87
14276,1.76,1.76
14280,1.62,1.62
14285,1.50,1.50
14289,1.34,1.34
14294,1.23,1.23
14299,1.12,1.12
14303,1.05,1.05
14307,1.02,1.02
14312,1.01,1.01
14316,1.03,1.03
14320,1.07,1.07
14325,1.10,1.10
14329,1.13,1.13
14333,1.13,1.13
14339,1.13,1.13
14343,1.14,1.14
14347,1.09,1.09
14352,0.97,0.97
14356,0.84,0.84
14360,0.68,0.68
14364,0.45,0.45
14369,0.26,0.26
14373,0.13,0.13
14377,-0.05,-0.05
14383,-0.29,-0.29
14388,-0.52,-0.52
14393,-0.77,-0.77
14398,-0.86,-0.86
14403,-1.18,-1.18
14407,-1.30,-1.30
14412,-1.47,-1.47
14417,-1.61,-1.61
14423,-1.75,-1.75
14428,-1.96,-1.96
14432,-2.00,-2.00
14437,-2.00,-2.00
14442,-2.00,-2.00
14447,-2.00,-2.00
14452,-2.00,-2.00
14457,-2.00,-2.00
14461,-2.00,-2.00
14467,-1.92,-1.92
14472,-1.78,-1.78
14477,-2.00,-2.00
14482,-1.83,-1.83
14487,-2.00,-2.00
14491,-2.00,-2.00
14496,-2.00,-2.00
14501,-1.97,-1.97
14507,-1.75,-1.75
14512,-1.53,-1.53
14516,-1.39,-1.39
14521,-1.34,-1.34
14526,-1.39,-1.39
14531,-1.45,-1.45
14536,-1.48,-1.48
14541,-1.56,-1.56
14545,-1.65,-1.65
14551,-1.78,-1.78
14556,-1.85,-1.85
14561,-1.89,-1.89
14566,-1.95,-1.95
14571,-2.00,-2.00
14575,-2.00,-2.00
14580,-2.00,-2.00
14585,-2.00,-2.00
14590,-2.00,-2.00
14596,-2.00,-2.00
14600,-2.00,-2.00
14605,-2.00,-2.00
14610,-1.90,-1.90
14615,-1.75,-1.75
14620,-1.56,-1.56
14625,-1.37,-1.37
14629,-1.18,-1.18
14635,-0.90,-0.90
14640,-0.63,-0.63
14645,-0.38,-0.38
14650,-0.15,-0.15
14655,0.12,0.12
14659,0.32,0.32
14663,0.62,0.62
14668,0.86,0.86
14672,1.07,1.07
14676,1.33,1.33
14681,1.58,1.58
14686,1.88,1.88
14690,2.00,2.00
14694,2.00,2.00
14699,2.00,2.00
14703,2.00,2.00
14707,2.00,2.00
14712,2.00,2.00
14716,2.00,2.00
14721,2.00,2.00
14726,2.00,2.00
14730,2.00,2.00
14734,2.00,2.00
14739,2.00,2.00
14743,2.00,2.00
14747,1.91,1.91
14752,1.64,1.64
14756,1.44,1.44
14760,1.23,1.23
14765,1.11,1.11
14770,1.03,1.03
14774,1.05,1.05
14778,1.16,1.16
14783,1.33,1.33
14787,1.48,1.48
14791,1.62,1.62
14796,1.77,1.77
14800,1.79,1.79
14804,1.88,1.88
14810,1.84,1.84
14814,1.85,1.85
14818,1.81,1.81
14823,1.69,1.69
14827,1.55,1.55
14831,1.37,1.37
14836,1.09,1.09
14840,0.79,0.79
14844,0.40,0.40
14849,0.11,0.11
14854,-0.11,-0.11
14859,-0.30,-0.30
14863,-0.48,-0.48
14868,-0.68,-0.68
14873,-0.89,-0.89
14878,-0.99,-0.99
14883,-1.14,-1.14
14888,-1.26,-1.26
14893,-1.37,-1.37
14898,-1.35,-1.35
14903,-1.53,-1.53
14908,-1.64,-1.64
14913,-1.75,-1.75
14918,-1.84,-1.84
14922,-1.89,-1.89
14927,-1.95,-1.95
14932,-2.00,-2.00
14938,-2.00,-2.00
14943,-2.00,-2.00
14947,-2.00,-2.00
14952,-2.00,-2.00
14957,-2.00,-2.00
14962,-2.00,-2.00
14967,-2.00,-2.00
14972,-2.00,-2.00
14977,-1.94,-1.94
14982,-1.85,-1.85
14987,-1.79,-1.79
14992,-1.72,-1.72
14997,-1.65,-1.65
15002,-1.56,-1.56
15006,-1.47,-1.47
15011,-1.41,-1.41
15016,-1.38,-1.38
15022,-1.39,-1.39
15027,-1.48,-1.48
15031,-1.57,-1.57
15036,-1.66,-1.66
15041,-1.78,-1.78
15046,-1.90,-1.90
15051,-2.00,-2.00
15056,-2.00,-2.00
15060,-2.00,-2.00
15066,-2.00,-2.00
15071,-2.00,-2.00
15076,-2.00,-2.00
15081,-2.00,-2.00
15086,-2.00,-2.00
15090,-2.00,-2.00
15095,-1.87,-1.87
15100,-1.72,-1.72
15106,-1.60,-1.60
15111,-1.43,-1.43
15115,-1.26,-1.26
15120,-1.05,-1.05
15125,-0.87,-0.87
15130,-0.72,-0.72
15135,-0.55,-0.55
15140,-0.40,-0.40
15144,-0.23,-0.23
15150,-0.09,-0.09
15155,0.09,0.09
15159,0.23,0.23
15164,0.42,0.42
15168,0.61,0.61
15172,0.89,0.89
15177,1.12,1.12
15181,1.42,1.42
15185,1.85,1.85
15191,2.00,2.00
15195,2.00,2.00
15199,2.00,2.00
15204,2.00,2.00
15208,2.00,2.00
15212,2.00,2.00
15217,2.00,2.00
15221,2.00,2.00
15225,2.00,2.00
15229,2.00,2.00
15235,1.93,1.93
15239,1.89,1.89
15243,1.93,1.93
15248,1.97,1.97
15252,1.93,1.93
15256,1.85,1.85
15261,1.80,1.80
15265,1.78,1.78
15269,1.69,1.69
15275,1.65,1.65
15279,1.62,1.62
15283,1.61,1.61
15288,1.61,1.61
15292,1.63,1.63
15296,1.63,1.63
15301,1.66,1.66
15305,1.68,1.68
15309,1.64,1.64
15313,1.59,1.59
15319,1.54,1.54
15323,1.43,1.43
15327,1.29,1.29
15332,1.16,1.16
15336,1.02,1.02
15340,0.84,0.84
15345,0.64,0.64
15349,0.45,0.45
15353,0.23,0.23
15358,0.12,0.12
15363,0.06,0.06
15367,0.02,0.02
15372,-0.17,-0.17
15376,-0.39,-0.39
15381,-0.38,-0.38
15386,-0.61,-0.61
15391,-0.81,-0.81
15396,-1.02,-1.02
15401,-1.21,-1.21
15406,-1.30,-1.30
15411,-1.58,-1.58
15416,-1.71,-1.71
15421,-1.85,-1.85
15426,-1.99,-1.99
15430,-2.00,-2.00
15435,-2.00,-2.00
15440,-2.00,-2.00
15446,-2.00,-2.00
15451,-2.00,-2.00
15456,-2.00,-2.00
15460,-2.00,-2.00
15465,-2.00,-2.00
15470,-2.00,-2.00
15475,-2.00,-2.00
15480,-2.00,-2.00
15485,-2.00,-2.00
15490,-1.98,-1.98
15495,-1.95,-1.95
15500,-1.87,-1.87
15505,-1.72,-1.72
15510,-1.61,-1.61
15514,-1.58,-1.58
15519,-1.62,-1.62
15524,-1.69,-1.69
15529,-1.75,-1.75
15535,-1.83,-1.83
15540,-1.92,-1.92
15544,-2.00,-2.00
15549,-2.00,-2.00
15554,-2.00,-2.00
15559,-2.00,-2.00
15564,-2.00,-2.00
15569,-2.00,-2.00
15574,-2.00,-2.00
15579,-1.91,-1.91
15584,-1.74,-1.74
15589,-1.59,-1.59
15594,-1.47,-1.47
15599,-1.35,-1.35
15603,-1.19,-1.19
15608,-1.06,-1.06
15613,-0.90,-0.90
15619,-0.72,-0.72
15624,-0.54,-0.54
15628,-0.32,-0.32
15633,-0.12,-0.12
15638,0.14,0.14
15642,0.42,0.42
15647,0.69,0.69
15651,0.98,0.98
15655,1.32,1.32
15661,1.60,1.60
15665,1.97,1.97
15669,2.00,2.00
15674,2.00,2.00
15678,2.00,2.00
15682,2.00,2.00
15687,2.00,2.00
15691,2.00,2.00
15695,2.00,2.00
15700,2.00,2.00
15705,2.00,2.00
15709,2.00,2.00
15713,2.00,2.00
15718,2.00,2.00
15722,1.88,1.88
15726,1.63,1.63
15731,1.45,1.45
15735,1.31,1.31
15739,1.15,1.15
15745,1.12,1.12
15749,1.11,1.11
15753,1.11,1.11
15758,1.12,1.12
15762,1.18,1.18
15766,1.25,1.25
15771,1.36,1.36
15775,1.44,1.44
15779,1.46,1.46
15784,1.51,1.51
15789,1.50,1.50
15793,1.50,1.50
15797,1.44,1.44
15802,1.35,1.35
15806,1.26,1.26
15810,1.16,1.16
15815,0.95,0.95
15819,0.74,0.74
15823,0.46,0.46
15828,0.23,0.23
15833,-0.05,-0.05
15838,-0.17,-0.17
15843,-0.37,-0.37
15847,-0.60,-0.60
15852,-0.83,-0.83
15857,-1.03,-1.03
15862,-1.25,-1.25
15867,-1.50,-1.50
15873,-1.54,-1.54
15877,-1.77,-1.77
15882,-1.86,-1.86
15887,-2.00,-2.00
15892,-2.00,-2.00
15897,-2.00,-2.00
15902,-2.00,-2.00
15906,-2.00,-2.00
15911,-2.00,-2.00
15917,-2.00,-2.00
15922,-2.00,-2.00
15927,-2.00,-2.00
15931,-2.00,-2.00
15936,-1.99,-1.99
15941,-1.94,-1.94
15946,-1.92,-1.92
15951,-1.96,-1.96
15956,-1.99,-1.99
15961,-2.00,-2.00
15966,-1.96,-1.96
15971,-1.90,-1.90
15976,-1.86,-1.86
15981,-1.82,-1.82
15986,-1.81,-1.81
15990,-1.83,-1.83
15995,-1.91,-1.91
16001,-1.98,-1.98
16006,-2.00,-2.00
16011,-2.00,-2.00
16016,-2.00,-2.00
16020,-2.00,-2.00
16025,-1.97,-1.97
16030,-1.91,-1.91
16035,-1.84,-1.84
16040,-1.76,-1.76
16045,-1.65,-1.65
16050,-1.51,-1.51
16055,-1.40,-1.40
16060,-1.27,-1.27
16065,-1.17,-1.17
16070,-1.05,-1.05
16074,-0.90,-0.90
16079,-0.74,-0.74
16084,-0.59,-0.59
16090,-0.42,-0.42
16095,-0.23,-0.23
16100,-0.03,-0.03
16104,0.20,0.20
16109,0.44,0.44
16113,0.64,0.64
16117,0.92,0.92
16122,1.14,1.14
16126,1.34,1.34
16131,1.61,1.61
16136,1.80,1.80
16140,2.00,2.00
16144,2.00,2.00
16149,2.00,2.00
16153,2.00,2.00
16157,2.00,2.00
16161,2.00,2.00
16166,2.00,2.00
16171,2.00,2.00
16175,2.00,2.00
16180,2.00,2.00
16184,2.00,2.00
16188,2.00,2.00
16193,1.84,1.84
16197,1.70,1.70
16201,1.57,1.57
16206,1.49,1.49
16210,1.44,1.44
16215,1.41,1.41
16220,1.38,1.38
16224,1.36,1.36
16228,1.37,1.37
16233,1.39,1.39
16237,1.38,1.38
16241,1.31,1.31
16245,1.16,1.16
16250,1.02,1.02
16254,0.84,0.84
16259,0.71,0.71
16264,0.58,0.58
16268,0.39,0.39
16272,0.26,0.26
16277,0.21,0.21
16281,0.09,0.09
16285,-0.06,-0.06
16290,-0.27,-0.27
16295,-0.50,-0.50
16301,-0.73,-0.73
16306,-0.94,-0.94
16310,-1.31,-1.31
16315,-1.48,-1.48
16320,-1.73,-1.73
16325,-1.92,-1.92
16330,-2.00,-2.00
16335,-2.00,-2.00
16339,-2.00,-2.00
16345,-2.00,-2.00
16350,-2.00,-2.00
16355,-2.00,-2.00
16360,-2.00,-2.00
16365,-2.00,-2.00
16369,-2.00,-2.00
16374,-2.00,-2.00
16379,-2.00,-2.00
16385,-2.00,-2.00
16390,-1.96,-1.96
16394,-1.90,-1.90
16399,-1.87,-1.87
16404,-1.86,-1.86
16409,-1.86,-1.86
16414,-1.81,-1.81
16419,-1.72,-1.72
16423,-1.62,-1.62
16429,-1.53,-1.53
16434,-1.52,-1.52
16439,-1.54,-1.54
16444,-1.57,-1.57
16449,-1.61,-1.61
16453,-1.73,-1.73
16458,-1.77,-1.77
16463,-1.82,-1.82
16468,-1.86,-1.86
16474,-1.88,-1.88
16478,-1.89,-1.89
16483,-1.85,-1.85
16488,-1.80,-1.80
16493,-1.72,-1.72
16498,-1.63,-1.63
16503,-1.55,-1.55
16507,-1.50,-1.50
16513,-1.48,-1.48
16518,-1.46,-1.46
16523,-1.42,-1.42
16528,-1.36,-1.36
16533,-1.23,-1.23
16537,-1.02,-1.02
16542,-0.77,-0.77
16547,-0.51,-0.51
16552,-0.23,-0.23
16558,0.05,0.05
16562,0.34,0.34
16566,0.60,0.60
16571,0.85,0.85
16575,1.17,1.17
16579,1.43,1.43
16584,1.75,1.75
16588,1.99,1.99
16592,2.00,2.00
16598,2.00,2.00
16602,2.00,2.00
16606,2.00,2.00
16610,2.00,2.00
16615,2.00,2.00
16619,2.00,2.00
16623,2.00,2.00
16628,2.00,2.00
16632,2.00,2.00
16636,2.00,2.00
16642,2.00,2.00
16646,1.95,1.95
16650,1.74,1.74
16655,1.61,1.61
16659,1.46,1.46
16663,1.38,1.38
16668,1.31,1.31
16672,1.32,1.32
16676,1.23,1.23
16681,1.22,1.22
16686,1.23,1.23
16690,1.22,1.22
16694,1.23,1.23
16699,1.25,1.25
16703,1.24,1.24
16707,1.21,1.21
16712,1.14,1.14
16716,1.06,1.06
16720,0.97,0.97
16726,0.88,0.88
16730,0.77,0.77
16734,0.65,0.65
16739,0.56,0.56
16743,0.45,0.45
16747,0.34,0.34
16752,0.21,0.21
16756,0.09,0.09
16760,-0.03,-0.03
16765,-0.18,-0.18
16771,-0.35,-0.35
16776,-0.51,-0.51
16781,-0.83,-0.83
16785,-0.98,-0.98
16790,-1.23,-1.23
16795,-1.58,-1.58
16800,-1.57,-1.57
16805,-1.95,-1.95
16809,-2.00,-2.00
16815,-2.00,-2.00
16820,-2.00,-2.00
16825,-2.00,-2.00
16830,-2.00,-2.00
16835,-2.00,-2.00
16839,-2.00,-2.00
16844,-2.00,-2.00
16849,-2.00,-2.00
16855,-2.00,-2.00
16860,-1.87,-1.87
16865,-1.69,-1.69
16869,-1.56,-1.56
16874,-1.47,-1.47
16879,-1.39,-1.39
16884,-1.35,-1.35
16889,-1.38,-1.38
16893,-1.45,-1.45
16899,-1.56,-1.56
16904,-1.70,-1.70
16909,-1.83,-1.83
16914,-1.94,-1.94
16919,-2.00,-2.00
16923,-2.00,-2.00
16928,-2.00,-2.00
16933,-2.00,-2.00
16939,-2.00,-2.00
16944,-2.00,-2.00
16949,-2.00,-2.00
16953,-2.00,-2.00
16958,-2.00,-2.00
16963,-1.99,-1.99
16968,-1.79,-1.79
16973,-1.61,-1.61
16977,-1.45,-1.45
16983,-1.29,-1.29
16988,-1.12,-1.12
16993,-0.91,-0.91
16998,-0.77,-0.77
17003,-0.59,-0.59
17007,-0.40,-0.40
17012,-0.19,-0.19
17017,0.07,0.07
17021,0.37,0.37
17027,0.62,0.62
17031,0.94,0.94
17035,1.22,1.22
17040,1.51,1.51
17044,1.93,1.93
17048,2.00,2.00
17053,2.00,2.00
17057,2.00,2.00
17061,2.00,2.00
17067,2.00,2.00
17071,2.00,2.00
17075,2.00,2.00
17079,2.00,2.00
17084,2.00,2.00
17088,2.00,2.00
17092,2.00,2.00
17097,2.00,2.00
17101,1.93,1.93
17105,1.74,1.74
17111,1.59,1.59
17115,1.48,1.48
17119,1.35,1.35
17124,1.26,1.26
17128,1.19,1.19
17132,1.16,1.16
17137,1.13,1.13
17141,1.10,1.10
17145,1.12,1.12
17150,1.14,1.14
17155,1.14,1.14
17159,1.18,1.18
17164,1.19,1.19
17168,1.18,1.18
17172,1.14,1.14
17176,1.05,1.05
17181,0.91,0.91
17185,0.79,0.79
17189,0.63,0.63
17195,0.51,0.51
17199,0.37,0.37
17203,0.17,0.17
17208,0.01,0.01
17212,-0.23,-0.23
17217,-0.30,-0.30
17222,-0.50,-0.50
17226,-0.68,-0.68
17231,-0.76,-0.76
17236,-0.91,-0.91
17242,-1.04,-1.04
17247,-1.08,-1.08
17252,-1.28,-1.28
17256,-1.40,-1.40
17261,-1.53,-1.53
17266,-1.72,-1.72
17271,-1.93,-1.93
17276,-2.00,-2.00
17282,-2.00,-2.00
17286,-2.00,-2.00
17291,-2.00,-2.00
17296,-2.00,-2.00
17301,-2.00,-2.00
17306,-2.00,-2.00
17310,-2.00,-2.00
17315,-1.83,-1.83
17320,-1.70,-1.70
17326,-1.62,-1.62
17331,-1.60,-1.60
17336,-1.66,-1.66
17340,-1.75,-1.75
17345,-1.81,-1.81
17350,-1.82,-1.82
17355,-1.77,-1.77
17360,-1.73,-1.73
17366,-1.68,-1.68
17370,-1.66,-1.66
17375,-1.66,-1.66
17380,-1.72,-1.72
17385,-1.81,-1.81
17390,-1.91,-1.91
17394,-1.97,-1.97
17399,-2.00,-2.00
17404,-2.00,-2.00
17410,-2.00,-2.00
17415,-2.00,-2.00
17420,-2.00,-2.00
17424,-2.00,-2.00
17429,-2.00,-2.00
17434,-1.96,-1.96
17439,-1.82,-1.82
17444,-1.61,-1.61
17449,-1.37,-1.37
17454,-1.18,-1.18
17459,-1.00,-1.00
17464,-0.79,-0.79
17469,-0.58,-0.58
17474,-0.44,-0.44
17479,-0.26,-0.26
17483,-0.08,-0.08
17488,0.10,0.10
17492,0.28,0.28
17498,0.45,0.45
17502,0.67,0.67
17506,0.88,0.88
17511,1.10,1.10
17515,1.39,1.39
17519,1.68,1.68
17524,1.86,1.86
17528,2.00,2.00
17532,2.00,2.00
17538,2.00,2.00
17542,2.00,2.00
17546,2.00,2.00
17551,2.00,2.00
17555,2.00,2.00
17559,2.00,2.00
17564,2.00,2.00
17568,2.00,2.00
17572,2.00,2.00
17576,1.93,1.93
17582,1.86,1.86
17586,1.69,1.69
17590,1.60,1.60
17595,1.53,1.53
17599,1.43,1.43
17603,1.42,1.42
17608,1.42,1.42
17612,1.42,1.42
17616,1.42,1.42
17622,1.42,1.42
17626,1.38,1.38
17630,1.34,1.34
17635,1.31,1.31
17639,1.26,1.26
17643,1.16,1.16
17648,1.00,1.00
17652,0.80,0.80
17656,0.63,0.63
17660,0.39,0.39
17666,0.22,0.22
17670,0.12,0.12
17674,-0.04,-0.04
17679,-0.26,-0.26
17684,-0.51,-0.51
17689,-0.68,-0.68
17694,-0.88,-0.88
17699,-1.10,-1.10
17703,-1.31,-1.31
17709,-1.59,-1.59
17714,-1.67,-1.67
17719,-1.79,-1.79
17724,-1.88,-1.88
17729,-1.94,-1.94
17733,-1.97,-1.97
17738,-2.00,-2.00
17743,-2.00,-2.00
17748,-2.00,-2.00
17754,-2.00,-2.00
17758,-2.00,-2.00
17763,-2.00,-2.00
17768,-2.00,-2.00
17773,-1.98,-1.98
17778,-1.91,-1.91
17783,-1.85,-1.85
17787,-1.84,-1.84
17793,-1.89,-1.89
17798,-1.98,-1.98
17803,-2.00,-2.00
17808,-2.00,-2.00
17813,-2.00,-2.00
17817,-2.00,-2.00
17822,-1.94,-1.94
17827,-1.86,-1.86
17832,-1.81,-1.81
17838,-1.77,-1.77
17842,-1.75,-1.75
17847,-1.80,-1.80
17852,-1.88,-1.88
17857,-1.87,-1.87
17862,-1.86,-1.86
17867,-1.84,-1.84
17871,-1.82,-1.82
17876,-1.78,-1.78
17882,-1.73,-1.73
17887,-1.65,-1.65
17892,-1.52,-1.52
17897,-1.45,-1.45
17901,-1.31,-1.31
17906,-1.11,-1.11
17911,-0.92,-0.92
17916,-0.79,-0.79
17922,-0.63,-0.63
17926,-0.45,-0.45
17931,-0.35,-0.35
17936,-0.18,-0.18
17941,-0.05,-0.05
17946,0.07,0.07
17950,0.24,0.24
17954,0.38,0.38
17959,0.59,0.59
17964,0.78,0.78
17968,0.99,0.99
17973,1.17,1.17
17977,1.34,1.34
17981,1.66,1.66
17986,1.76,1.76
17990,1.85,1.85
17994,1.99,1.99
17999,2.00,2.00
18003,2.00,2.00
18008,2.00,2.00
18013,2.00,2.00
18017,2.00,2.00
18021,2.00,2.00
18025,1.97,1.97
18030,1.88,1.88
18034,1.81,1.81
18038,1.73,1.73
18043,1.62,1.62
18048,1.53,1.53
18052,1.44,1.44
18057,1.40,1.40
18061,1.37,1.37
18065,1.35,1.35
18070,1.37,1.37
18074,1.40,1.40
18078,1.46,1.46
18083,1.57,1.57
18087,1.65,1.65
18092,1.70,1.70
18097,1.76,1.76
18101,1.78,1.78
18105,1.83,1.83
18109,1.88,1.88
18114,1.91,1.91
18118,1.91,1.91
18122,1.88,1.88
18127,1.87,1.87
18131,1.86,1.86
18136,1.72,1.72
18141,1.60,1.60
18145,1.45,1.45
18149,1.26,1.26
18154,1.04,1.04
18158,0.73,0.73
18162,0.49,0.49
18167,0.21,0.21
18171,0.18,0.18
18176,-0.01,-0.01
18181,-0.33,-0.33
18186,-0.46,-0.46
18191,-0.65,-0.65
18196,-0.87,-0.87
18200,-1.04,-1.04
18205,-1.21,-1.21
18210,-1.48,-1.48
18215,-1.60,-1.60
18221,-1.98,-1.98
18225,-2.00,-2.00
18230,-2.00,-2.00
18235,-2.00,-2.00
18240,-2.00,-2.00
18245,-2.00,-2.00
18250,-2.00,-2.00
18254,-2.00,-2.00
18259,-2.00,-2.00
18265,-2.00,-2.00
18270,-2.00,-2.00
18275,-2.00,-2.00
18280,-2.00,-2.00
18284,-2.00,-2.00
18289,-2.00,-2.00
18294,-1.98,-1.98
18299,-1.85,-1.85
18305,-1.75,-1.75
18309,-1.64,-1.64
18314,-1.56,-1.56
18319,-1.52,-1.52
18324,-1.54,-1.54
18329,-1.54,-1.54
18334,-1.56,-1.56
18338,-1.69,-1.69
18343,-1.69,-1.69
18349,-1.79,-1.79
18354,-1.84,-1.84
18359,-1.91,-1.91
18364,-1.95,-1.95
18368,-2.00,-2.00
18373,-2.00,-2.00
18378,-1.99,-1.99
18383,-1.92,-1.92
18388,-1.84,-1.84
18393,-1.65,-1.65
18398,-1.37,-1.37
18403,-1.07,-1.07
18408,-0.80,-0.80
18413,-0.63,-0.63
18418,-0.42,-0.42
18422,-0.23,-0.23
18427,-0.04,-0.04
18433,0.19,0.19
18437,0.40,0.40
18442,0.59,0.59
18446,0.80,0.80
18450,1.06,1.06
18455,1.28,1.28
18459,1.61,1.61
18463,1.81,1.81
18468,2.00,2.00
18472,2.00,2.00
18477,2.00,2.00
18482,2.00,2.00
18486,2.00,2.00
18490,2.00,2.00
18495,2.00,2.00
18499,2.00,2.00
18503,2.00,2.00
18507,2.00,2.00
18512,1.98,1.98
18516,1.97,1.97
18521,1.96,1.96
18526,1.94,1.94
18530,1.91,1.91
18534,1.87,1.87
18539,1.87,1.87
18543,1.86,1.86
18547,1.84,1.84
18552,1.82,1.82
18556,1.81,1.81
18561,1.77,1.77
18566,1.70,1.70
18570,1.64,1.64
18574,1.62,1.62
18579,1.59,1.59
18583,1.54,1.54
18587,1.44,1.44
18591,1.38,1.38
18596,1.20,1.20
18600,1.01,1.01
18605,0.75,0.75
18610,0.56,0.56
18614,0.37,0.37
18618,0.13,0.13
18623,-0.06,-0.06
18628,-0.20,-0.20
18632,-0.39,-0.39
18637,-0.60,-0.60
18642,-0.85,-0.85
18648,-1.05,-1.05
18653,-1.26,-1.26
18657,-1.31,-1.31
18662,-1.58,-1.58
18667,-1.81,-1.81
18672,-1.98,-1.98
18677,-2.00,-2.00
18682,-2.00,-2.00
18686,-2.00,-2.00
18692,-2.00,-2.00
18697,-1.99,-1.99
18702,-1.92,-1.92
18707,-1.85,-1.85
18712,-1.82,-1.82
18716,-1.83,-1.83
18721,-1.84,-1.84
18726,-1.90,-1.90
18732,-1.95,-1.95
18737,-1.99,-1.99
18741,-2.00,-2.00
18746,-2.00,-2.00
18751,-1.96,-1.96
18756,-1.90,-1.90
18761,-1.86,-1.86
18766,-1.80,-1.80
18770,-1.78,-1.78
18776,-1.75,-1.75
18781,-1.75,-1.75
18786,-1.82,-1.82
18791,-2.00,-2.00
18796,-2.00,-2.00
18800,-2.00,-2.00
18805,-2.00,-2.00
18810,-2.00,-2.00
18816,-2.00,-2.00
18821,-2.00,-2.00
18825,-2.00,-2.00
18830,-2.00,-2.00
18835,-1.95,-1.95
18840,-1.86,-1.86
18845,-1.74,-1.74
18850,-1.61,-1.61
18854,-1.38,-1.38
18860,-1.12,-1.12
18865,-0.81,-0.81
18870,-0.53,-0.53
18875,-0.24,-0.24
18880,0.05,0.05
18884,0.33,0.33
18888,0.61,0.61
18893,0.90,0.90
18897,1.25,1.25
18902,1.51,1.51
18906,1.91,1.91
18911,2.00,2.00
18915,2.00,2.00
18919,2.00,2.00
18924,2.00,2.00
18928,2.00,2.00
18932,2.00,2.00
18937,2.00,2.00
18941,2.00,2.00
18946,2.00,2.00
18951,2.00,2.00
18955,2.00,2.00
18959,2.00,2.00
18964,1.94,1.94
18968,1.78,1.78
18972,1.66,1.66
18977,1.57,1.57
18981,1.44,1.44
18985,1.34,1.34
18990,1.27,1.27
18995,1.25,1.25
18999,1.27,1.27
19003,1.33,1.33
19008,1.40,1.40
19012,1.50,1.50
19016,1.61,1.61
19021,1.67,1.67
19025,1.69,1.69
19030,1.74,1.74
19035,1.70,1.70
19039,1.60,1.60
19043,1.54,1.54
19048,1.43,1.43
19052,1.40,1.40
19056,1.32,1.32
19061,1.25,1.25
19065,1.10,1.10
19069,0.95,0.95
19074,0.74,0.74
19079,0.58,0.58
19083,0.43,0.43
19087,0.23,0.23
19092,0.11,0.11
19096,0.14,0.14
19100,0.01,0.01
19105,-0.15,-0.15
19110,-0.29,-0.29
19115,-0.58,-0.58
19120,-0.89,-0.89
19125,-0.92,-0.92
19130,-1.23,-1.23
19135,-1.45,-1.45
19139,-1.73,-1.73
19144,-2.00,-2.00
19149,-2.00,-2.00
19154,-2.00,-2.00
19160,-2.00,-2.00
19165,-2.00,-2.00
19169,-2.00,-2.00
19174,-2.00,-2.00
19179,-2.00,-2.00
19184,-2.00,-2.00
19189,-2.00,-2.00
19194,-1.91,-1.91
19198,-1.80,-1.80
19204,-1.74,-1.74
19209,-1.71,-1.71
19214,-1.68,-1.68
19219,-1.62,-1.62
19223,-1.55,-1.55
19228,-1.47,-1.47
19233,-1.43,-1.43
19238,-1.45,-1.45
19244,-1.49,-1.49
19249,-1.57,-1.57
19253,-1.67,-1.67
19258,-1.77,-1.77
19263,-1.85,-1.85
19268,-1.93,-1.93
19273,-1.99,-1.99
19278,-2.00,-2.00
19282,-2.00,-2.00
19288,-2.00,-2.00
19293,-2.00,-2.00
19298,-2.00,-2.00
19303,-2.00,-2.00
19307,-2.00,-2.00
19312,-2.00,-2.00
19317,-2.00,-2.00
19322,-1.89,-1.89
19328,-1.60,-1.60
19333,-1.27,-1.27
19337,-0.90,-0.90
19342,-0.55,-0.55
19347,-0.24,-0.24
19352,0.01,0.01
19356,0.32,0.32
19361,0.63,0.63
19365,0.99,0.99
19369,1.25,1.25
19374,1.57,1.57
19379,1.86,1.86
19383,2.00,2.00
19387,2.00,2.00
19392,2.00,2.00
19396,2.00,2.00
19400,2.00,2.00
19405,2.00,2.00
19409,2.00,2.00
19414,2.00,2.00
19419,2.00,2.00
19423,2.00,2.00
19427,2.00,2.00
19432,2.00,2.00
19436,1.88,1.88
19440,1.59,1.59
19445,1.44,1.44
19449,1.25,1.25
19453,1.18,1.18
19458,1.15,1.15
19463,1.17,1.17
19467,1.17,1.17
19471,1.27,1.27
19476,1.36,1.36
19480,1.48,1.48
19484,1.61,1.61
19489,1.59,1.59
19493,1.66,1.66
19497,1.67,1.67
19503,1.66,1.66
19507,1.64,1.64
19511,1.55,1.55
19516,1.47,1.47
19520,1.40,1.40
19524,1.30,1.30
19529,1.15,1.15
19533,0.89,0.89
19537,0.65,0.65
19543,0.25,0.25
19547,0.13,0.13
19551,0.07,0.07
19555,-0.13,-0.13
19560,-0.26,-0.26
19565,-0.38,-0.38
19570,-0.52,-0.52
19575,-0.87,-0.87
19580,-0.83,-0.83
19585,-1.05,-1.05
19590,-1.26,-1.26
19595,-1.48,-1.48
19600,-1.79,-1.79
19605,-2.00,-2.00
19610,-2.00,-2.00
19614,-2.00,-2.00
19619,-2.00,-2.00
19624,-2.00,-2.00
19630,-2.00,-2.00
19635,-2.00,-2.00
19639,-2.00,-2.00
19644,-1.97,-1.97
19649,-1.94,-1.94
19654,-1.93,-1.93
19659,-1.95,-1.95
19664,-1.98,-1.98
19668,-2.00,-2.00
19674,-2.00,-2.00
19679,-2.00,-2.00
19684,-2.00,-2.00
19689,-1.99,-1.99
19694,-1.89,-1.89
19698,-1.83,-1.83
19703,-1.77,-1.77
19708,-1.73,-1.73
19714,-1.73,-1.73
19719,-1.77,-1.77
19723,-1.91,-1.91
19728,-1.98,-1.98
19733,-2.00,-2.00
19738,-2.00,-2.00
19743,-2.00,-2.00
19748,-2.00,-2.00
19752,-2.00,-2.00
19758,-2.00,-2.00
19763,-2.00,-2.00
19768,-1.99,-1.99
19773,-1.86,-1.86
19778,-1.66,-1.66
19782,-1.36,-1.36
19787,-1.02,-1.02
19792,-0.68,-0.68
19798,-0.30,-0.30
19803,0.03,0.03
19807,0.29,0.29
19811,0.65,0.65
19816,0.90,0.90
19820,1.22,1.22
19824,1.65,1.65
19829,1.98,1.98
19833,2.00,2.00
19837,2.00,2.00
19843,2.00,2.00
19847,2.00,2.00
19851,2.00,2.00
19855,2.00,2.00
19860,2.00,2.00
19864,2.00,2.00
19868,2.00,2.00
19873,2.00,2.00
19877,2.00,2.00
19881,2.00,2.00
19887,2.00,2.00
19891,2.00,2.00
19895,2.00,2.00
19900,1.97,1.97
19904,1.89,1.89
19908,1.76,1.76
19913,1.68,1.68
19917,1.60,1.60
19921,1.56,1.56
19927,1.54,1.54
19931,1.52,1.52
19935,1.52,1.52
19939,1.49,1.49
19944,1.44,1.44
19948,1.36,1.36
19952,1.28,1.28
19957,1.22,1.22
19961,1.16,1.16
19965,1.11,1.11
19971,1.03,1.03
19975,0.94,0.94
19979,0.76,0.76
19984,0.62,0.62
19988,0.49,0.49
