13,2,0.1
14,2,0.12
16,2,0.14
18,2,0.16
20,2,0.18
22,2,0.2
25,2,0.22
28,2,0.24
32,2,0.26
35,2,0.28
39,1.87,0.3
43,1.7,0.32
47,1.5,0.33
50,1.32,0.34
54,1.08,0.35
58,0.83,0.36
61,0.64,0.37
65,0.41,0.37
68,0.22,0.38
72,0.13,0.38
75,0.05,0.38
79,-0.01,0.38
83,-0.04,0.38
88,-0.06,0.38
91,-0.06,0.38
95,-0.04,0.38
99,0,0.38
103,0.02,0.38
106,0.04,0.38
110,0.01,0.38
114,-0.05,0.38
118,-0.1,0.37
122,-0.19,0.37
126,-0.24,0.37
131,-0.36,0.37
135,-0.45,0.36
139,-0.61,0.36
143,-0.75,0.35
147,-0.9,0.34
151,-1.01,0.33
156,-1.06,0.32
160,-1.05,0.31
164,-1.01,0.3
168,-0.97,0.29
173,-0.92,0.28
177,-0.91,0.27
181,-1.03,0.26
185,-1.15,0.25
189,-1.25,0.24
193,-1.34,0.22
197,-1.49,0.21
201,-1.62,0.19
205,-1.69,0.17
209,-1.73,0.16
214,-1.76,0.14
218,-1.75,0.12
223,-1.69,0.11
227,-1.56,0.09
231,-1.39,0.08
235,-1.24,0.06
239,-1.14,0.05
243,-1.12,0.04
247,-1.23,0.03
251,-1.43,0.01
256,-1.64,0
260,-1.87,-0.02
265,-2,-0.04
269,-2,-0.06
273,-2,-0.08
278,-2,-0.1
282,-2,-0.12
286,-2,-0.14
291,-2,-0.16
295,-2,-0.18
300,-2,-0.2
305,-2,-0.22
309,-2,-0.24
313,-2,-0.26
317,-2,-0.28
322,-2,-0.3
326,-2,-0.32
330,-1.76,-0.34
335,-1.57,-0.35
339,-1.31,-0.37
344,-1.09,-0.38
349,-0.91,-0.39
353,-0.79,-0.4
357,-0.64,-0.4
362,-0.47,-0.41
366,-0.36,-0.41
370,-0.32,-0.41
375,-0.33,-0.42
379,-0.35,-0.42
384,-0.27,-0.42
389,-0.2,-0.42
393,-0.12,-0.43
397,-0.01,-0.45
401,0.17,-0.46
406,0.33,-0.48
410,0.5,-0.5
414,0.7,-0.51
418,0.91,-0.52
422,1.16,-0.53
427,1.34,-0.53
431,1.3,-0.54
435,1.34,-0.55
439,1.27,-0.56
443,1.22,-0.56
447,1.08,-0.57
451,0.96,-0.58
455,0.98,-0.59
459,0.93,-0.6
463,0.9,-0.61
467,0.93,-0.61
473,1,-0.61
477,1.11,-0.61
481,1.26,-0.6
485,1.41,-0.59
489,1.54,-0.58
493,1.64,-0.56
497,1.65,-0.55
501,1.63,-0.53
505,1.52,-0.52
509,1.45,-0.5
514,1.41,-0.49
518,1.39,-0.47
522,1.47,-0.46
526,1.58,-0.44
530,1.69,-0.42
534,1.84,-0.41
539,1.95,-0.39
543,2,-0.37
547,2,-0.34
551,2,-0.32
556,2,-0.3
560,2,-0.27
564,2,-0.25
568,2,-0.22
572,2,-0.19
576,1.97,-0.16
580,1.89,-0.13
584,1.85,-0.1
588,1.86,-0.07
592,1.87,-0.04
596,1.87,-0.02
601,1.8,0.01
605,1.65,0.04
609,1.5,0.06
613,1.3,0.09
617,1.16,0.11
621,1,0.14
624,0.83,0.16
628,0.71,0.19
632,0.57,0.21
636,0.41,0.23
641,0.29,0.25
644,0.18,0.27
648,0.07,0.29
652,-0.01,0.3
656,-0.06,0.31
660,-0.07,0.32
664,-0.06,0.33
668,-0.02,0.35
672,0,0.36
676,-0.03,0.38
680,-0.07,0.4
685,-0.11,0.41
689,-0.22,0.43
693,-0.22,0.45
697,-0.32,0.47
702,-0.46,0.48
706,-0.52,0.5
710,-0.56,0.51
714,-0.58,0.53
718,-0.65,0.54
722,-0.73,0.55
727,-0.85,0.56
731,-0.95,0.57
735,-0.99,0.58
739,-1.02,0.59
743,-1.07,0.6
747,-1.14,0.61
751,-1.18,0.61
755,-1.2,0.61
759,-1.24,0.61
763,-1.3,0.61
769,-1.39,0.6
773,-1.46,0.59
777,-1.55,0.58
781,-1.68,0.57
785,-1.79,0.56
789,-1.87,0.54
793,-1.93,0.52
797,-1.99,0.51
801,-2,0.49
805,-2,0.47
809,-2,0.45
814,-2,0.43
818,-2,0.41
822,-2,0.38
826,-2,0.35
830,-2,0.32
834,-2,0.29
839,-2,0.26
843,-2,0.23
847,-1.97,0.19
851,-1.82,0.16
856,-1.73,0.13
860,-1.73,0.1
864,-1.83,0.08
868,-1.97,0.05
872,-2,0.02
876,-2,-0.01
880,-2,-0.04
885,-2,-0.07
889,-2,-0.1
893,-2,-0.13
899,-2,-0.17
903,-1.97,-0.2
907,-1.84,-0.24
912,-1.69,-0.27
916,-1.55,-0.3
920,-1.36,-0.33
925,-1.12,-0.36
929,-0.89,-0.38
933,-0.6,-0.4
939,-0.45,-0.42
943,-0.3,-0.44
947,-0.09,-0.46
952,0.11,-0.47
956,0.3,-0.49
960,0.44,-0.51
964,0.53,-0.52
968,0.57,-0.53
972,0.67,-0.55
976,0.75,-0.56
980,0.9,-0.57
985,1.1,-0.58
989,1.22,-0.59
993,1.36,-0.59
997,1.46,-0.6
1001,1.48,-0.6
1006,1.4,-0.61
1010,1.35,-0.61
1014,1.32,-0.62
1019,1.28,-0.62
1024,1.3,-0.63
1028,1.3,-0.63
1032,1.34,-0.63
1037,1.39,-0.63
1041,1.46,-0.62
1045,1.53,-0.61
1050,1.6,-0.61
1054,1.7,-0.59
1058,1.84,-0.58
1063,1.93,-0.56
1068,1.96,-0.55
1072,1.92,-0.53
1077,1.83,-0.51
1081,1.76,-0.49
1085,1.74,-0.47
1090,1.73,-0.45
1094,1.71,-0.44
1098,1.76,-0.42
1103,1.9,-0.4
1107,2,-0.38
1112,2,-0.36
1116,2,-0.34
1121,2,-0.31
1125,1.96,-0.29
1129,1.76,-0.27
1134,1.53,-0.25
1138,1.41,-0.23
1142,1.31,-0.21
1147,1.28,-0.19
1152,1.29,-0.17
1156,1.26,-0.15
1161,1.16,-0.13
1165,1,-0.11
1169,0.87,-0.09
1174,0.76,-0.07
1178,0.61,-0.05
1182,0.4,-0.04
1187,0.25,-0.02
1191,0.15,-0.01
1196,-0.03,0
1200,-0.12,0.02
1205,-0.17,0.03
1209,-0.22,0.04
1213,-0.23,0.06
1218,-0.26,0.07
1222,-0.34,0.09
1226,-0.46,0.1
1231,-0.49,0.12
1235,-0.55,0.13
1240,-0.43,0.15
1245,-0.73,0.16
1249,-1.02,0.17
1253,-0.94,0.18
1258,-1.04,0.19
1262,-1.05,0.2
1266,-1.1,0.21
1271,-1.27,0.22
1275,-1.34,0.22
1280,-1.49,0.23
1285,-1.62,0.23
1289,-1.76,0.23
1293,-1.92,0.23
1297,-2,0.23
1302,-2,0.23
1306,-1.94,0.23
1310,-1.84,0.23
1315,-1.76,0.23
1319,-1.68,0.23
1324,-1.64,0.24
1329,-1.66,0.24
1333,-1.8,0.24
1337,-1.92,0.24
1342,-2,0.24
1346,-2,0.24
1350,-2,0.24
1355,-2,0.23
1359,-2,0.23
1363,-2,0.22
1369,-2,0.21
1373,-2,0.19
1377,-2,0.18
1381,-2,0.16
1386,-2,0.14
1390,-2,0.12
1394,-2,0.1
1399,-2,0.07
1403,-2,0.05
1408,-2,0.02
1413,-2,-0.01
1417,-1.8,-0.03
1422,-1.53,-0.05
1426,-1.37,-0.08
1431,-1.22,-0.1
1436,-1.06,-0.13
1440,-0.95,-0.15
1445,-0.75,-0.17
1449,-0.6,-0.19
1455,-0.45,-0.21
1459,-0.23,-0.23
1464,-0.08,-0.24
1469,0.08,-0.25
1473,0.29,-0.26
1477,0.49,-0.27
1481,0.51,-0.28
1486,0.48,-0.29
1490,0.85,-0.3
1495,0.97,-0.3
1500,0.97,-0.31
1504,0.96,-0.32
1508,0.97,-0.33
1513,0.99,-0.34
1517,1.04,-0.35
1521,1.04,-0.36
1526,1.04,-0.36
1530,1.14,-0.37
1534,1.31,-0.37
1540,1.45,-0.38
1544,1.48,-0.38
1548,1.58,-0.38
1553,1.59,-0.39
1557,1.53,-0.39
1561,1.43,-0.4
1565,1.34,-0.4
1570,1.34,-0.41
1574,1.31,-0.41
1579,1.33,-0.42
1584,1.39,-0.42
1588,1.5,-0.41
1592,1.55,-0.41
1597,1.61,-0.41
1601,1.61,-0.41
1605,1.63,-0.4
1610,1.64,-0.39
1614,1.58,-0.39
1618,1.56,-0.38
1624,1.6,-0.37
1628,1.62,-0.36
1632,1.74,-0.34
1637,1.85,-0.33
1641,1.99,-0.3
1645,2,-0.28
1649,1.99,-0.26
1654,1.9,-0.24
1658,1.78,-0.22
1662,1.65,-0.2
1668,1.5,-0.18
1672,1.29,-0.17
1676,1.11,-0.15
1681,1.05,-0.13
1685,0.94,-0.12
1689,0.86,-0.1
1694,0.82,-0.09
1698,0.79,-0.07
1702,0.66,-0.05
1708,0.54,-0.04
1712,0.39,-0.02
1716,0.2,-0.01
1721,0,0.01
1725,-0.13,0.02
1729,-0.23,0.03
1734,-0.33,0.05
1738,-0.42,0.06
1742,-0.52,0.08
1746,-0.5,0.09
1752,-0.54,0.11
1756,-0.69,0.12
1760,-0.68,0.13
1765,-0.72,0.14
1769,-0.56,0.15
1773,-0.57,0.16
1778,-0.51,0.17
1782,-0.55,0.19
1786,-0.66,0.2
1792,-0.83,0.21
1796,-0.9,0.22
1800,-0.98,0.23
1805,-1.08,0.24
1809,-1.25,0.25
1813,-1.42,0.26
1818,-1.62,0.26
1822,-1.9,0.26
1826,-2,0.26
1830,-2,0.26
1836,-2,0.26
1840,-2,0.26
1844,-1.89,0.26
1849,-1.78,0.27
1853,-1.7,0.27
1857,-1.69,0.27
1862,-1.7,0.27
1866,-1.74,0.27
1870,-1.8,0.27
1875,-1.87,0.26
1880,-2,0.25
1884,-2,0.24
1889,-2,0.23
1893,-2,0.21
1897,-2,0.2
1902,-2,0.18
1906,-2,0.16
1910,-2,0.14
1914,-2,0.12
1920,-2,0.09
1924,-2,0.07
1928,-2,0.04
1933,-2,0.01
1937,-2,-0.02
1942,-2,-0.05
1946,-2,-0.08
1951,-1.81,-0.1
1955,-1.44,-0.13
1960,-1.19,-0.15
1965,-0.9,-0.17
1970,-0.68,-0.19
1975,-0.51,-0.2
1979,-0.31,-0.22
1984,-0.17,-0.23
1988,-0.07,-0.25
1993,-0.01,-0.27
1997,-0.06,-0.28
2002,-0.15,-0.3
2008,0.12,-0.31
2012,0.35,-0.32
2016,0.42,-0.33
2021,0.66,-0.34
2025,0.64,-0.35
2029,0.8,-0.35
2034,1.07,-0.36
2038,1.22,-0.36
2042,1.22,-0.36
2046,1.28,-0.37
2052,1.21,-0.37
2056,1.12,-0.38
2060,1.05,-0.38
2065,1.05,-0.39
2069,1.03,-0.39
2073,1.04,-0.4
2078,1.02,-0.4
2082,1.17,-0.41
2086,1.37,-0.42
2092,1.44,-0.42
2096,1.44,-0.43
2100,1.53,-0.43
2105,1.66,-0.43
2109,1.82,-0.43
2113,1.85,-0.43
2118,1.88,-0.42
2122,1.9,-0.41
2126,1.89,-0.41
2130,1.82,-0.4
2136,1.74,-0.39
2140,1.65,-0.38
2144,1.58,-0.37
2149,1.58,-0.36
2153,1.57,-0.35
2157,1.57,-0.34
2162,1.58,-0.33
2166,1.58,-0.31
2170,1.56,-0.29
2176,1.48,-0.28
2180,1.39,-0.26
2184,1.3,-0.24
2189,1.21,-0.23
2193,1.12,-0.21
2197,1.08,-0.19
2202,1.03,-0.18
2206,0.9,-0.16
2210,0.76,-0.15
2214,0.61,-0.13
2220,0.44,-0.12
2224,0.34,-0.12
2228,0.09,-0.11
2233,-0.17,-0.1
2237,-0.65,-0.1
2242,-0.82,-0.1
2246,-0.82,-0.1
2251,-0.94,-0.1
2256,-1,-0.1
2260,-1.01,-0.09
2266,-0.98,-0.09
2270,-0.95,-0.08
2275,-0.97,-0.07
2279,-0.98,-0.06
2284,-0.99,-0.05
2289,-1.03,-0.04
2293,-1.12,-0.03
2298,-1.14,-0.02
2302,-1.16,-0.02
2308,-1.21,-0.01
2312,-1.35,-0.01
2317,-1.5,-0.01
2322,-1.58,0
2326,-1.7,0
2331,-1.82,0
2335,-1.94,0
2339,-2,0
2344,-1.99,0
2349,-1.88,0
2353,-1.75,0
2358,-1.63,0.01
2362,-1.49,0.01
2366,-1.46,0.02
2371,-1.48,0.02
2375,-1.54,0.03
2379,-1.6,0.03
2384,-1.74,0.04
2388,-1.9,0.04
2393,-2,0.04
2397,-2,0.04
2402,-2,0.03
2406,-2,0.03
2410,-2,0.02
2415,-2,0.01
2419,-2,0
2424,-2,-0.02
2428,-2,-0.04
2434,-2,-0.05
2438,-2,-0.07
2443,-2,-0.09
2447,-2,-0.11
2452,-1.86,-0.13
2457,-1.61,-0.15
2461,-1.27,-0.16
2466,-0.87,-0.18
2470,-0.55,-0.19
2476,-0.19,-0.2
2480,0.16,-0.2
2485,0.41,-0.21
2489,0.55,-0.22
2493,0.61,-0.22
2498,0.7,-0.23
2502,0.69,-0.23
2506,0.6,-0.24
2511,0.16,-0.25
2515,0.09,-0.26
2520,0.8,-0.26
2525,0.71,-0.26
2529,0.38,-0.27
2533,0.61,-0.27
2538,0.69,-0.28
2542,1.12,-0.28
2546,1.22,-0.29
2551,1.25,-0.29
2555,1.15,-0.29
2560,1.08,-0.3
2564,1.04,-0.31
2569,1.01,-0.32
2573,1.1,-0.33
2577,1.19,-0.33
2582,1.26,-0.34
2586,1.25,-0.34
2590,1.2,-0.35
2595,1.19,-0.35
2599,1.24,-0.36
2604,1.25,-0.36
2609,1.22,-0.36
2613,1.19,-0.37
2617,1.22,-0.37
2622,1.27,-0.37
2626,1.38,-0.37
2630,1.47,-0.37
2635,1.54,-0.37
2639,1.51,-0.37
2643,1.49,-0.36
2648,1.51,-0.36
2653,1.56,-0.35
2657,1.58,-0.35
2661,1.57,-0.34
2666,1.51,-0.33
2670,1.45,-0.32
2674,1.37,-0.31
2679,1.29,-0.3
2683,1.23,-0.28
2688,1.11,-0.27
2693,0.92,-0.25
2697,0.88,-0.23
2701,0.67,-0.22
2706,0.45,-0.2
2710,0.12,-0.19
2714,-0.13,-0.18
2719,-0.36,-0.18
2723,-0.48,-0.17
2728,-0.53,-0.17
2734,-0.53,-0.16
2738,-0.49,-0.16
2743,-0.42,-0.15
2747,-0.35,-0.14
2752,-0.3,-0.13
2756,-0.29,-0.12
2761,-0.24,-0.11
2766,-0.14,-0.1
2770,-0.55,-0.09
2776,-0.74,-0.08
2780,-0.9,-0.07
2785,-0.9,-0.06
2789,-1.06,-0.05
2794,-1.03,-0.04
2799,-1.07,-0.03
2803,-0.96,-0.02
2808,-0.97,-0.02
2812,-1.06,-0.01
2818,-1.17,-0.01
2822,-1.27,-0.01
2827,-1.27,-0.01
2831,-1.25,0
2836,-1.26,0
2840,-1.17,0.01
2845,-1.2,0.02
2849,-1.19,0.03
2853,-1.16,0.03
2859,-1.11,0.04
2863,-1.06,0.05
2867,-1.03,0.06
2872,-1.05,0.07
2876,-1.09,0.08
2880,-1.15,0.09
2885,-1.22,0.1
2889,-1.35,0.1
2893,-1.54,0.11
2898,-1.8,0.11
2903,-1.98,0.11
2907,-2,0.11
2911,-2,0.1
2916,-2,0.09
2920,-2,0.07
2924,-2,0.05
2929,-2,0.03
2933,-2,0.01
2937,-2,-0.02
2942,-2,-0.04
2947,-2,-0.07
2952,-2,-0.1
2957,-1.93,-0.12
2961,-1.65,-0.14
2966,-1.39,-0.16
2970,-1.03,-0.17
2975,-0.68,-0.19
2979,-0.39,-0.2
2984,-0.02,-0.2
2990,0.36,-0.2
2994,0.67,-0.21
2998,0.91,-0.21
3003,1.08,-0.21
3007,1.21,-0.21
3011,1.41,-0.21
3016,1.46,-0.21
3020,1.51,-0.2
3024,1.83,-0.19
3028,0.96,-0.2
3034,1.36,-0.2
3038,1.2,-0.2
3042,0.85,-0.2
3047,0.98,-0.2
3051,1.06,-0.2
3055,0.95,-0.21
3060,0.48,-0.21
3064,0.25,-0.22
3068,0.13,-0.23
3074,0.11,-0.25
3078,0.15,-0.26
3082,0.06,-0.27
3087,0.4,-0.28
3091,0.65,-0.29
3095,1.1,-0.3
3100,1.15,-0.3
3104,1.28,-0.3
3108,1.36,-0.3
3112,1.41,-0.31
3118,1.53,-0.31
3122,1.53,-0.3
3126,1.51,-0.3
3131,1.43,-0.3
3135,1.36,-0.3
3139,1.44,-0.3
3144,1.57,-0.29
3148,1.68,-0.28
3152,1.74,-0.27
3158,1.82,-0.26
3162,1.92,-0.24
3166,1.99,-0.22
3171,1.97,-0.2
3175,1.88,-0.17
3179,1.68,-0.15
3184,1.48,-0.13
3188,1.24,-0.11
3192,1.12,-0.1
3196,1.07,-0.08
3202,1.12,-0.07
3206,1.12,-0.05
3210,1.02,-0.04
3215,0.9,-0.03
3219,0.72,-0.02
3223,0.56,-0.01
3228,0.31,0.01
3232,0,0.02
3236,-0.13,0.02
3240,-0.13,0.03
3246,-0.15,0.04
3250,-0.1,0.05
3254,-0.08,0.06
3259,-0.06,0.07
3263,0.03,0.08
3267,0.06,0.1
3271,0.01,0.11
3275,-0.08,0.12
3279,-0.18,0.13
3284,-0.28,0.14
3289,-0.61,0.15
3293,-0.78,0.15
3298,-0.84,0.15
3302,-0.89,0.16
3306,-0.85,0.16
3311,-0.87,0.16
3315,-0.9,0.16
3319,-0.87,0.16
3324,-0.81,0.17
3329,-0.76,0.17
3333,-0.75,0.18
3338,-0.65,0.19
3342,-0.61,0.2
3346,-0.71,0.21
3351,-0.9,0.22
3355,-1.18,0.23
3359,-1.4,0.24
3364,-1.58,0.24
3368,-1.63,0.24
3373,-1.6,0.25
3377,-1.49,0.25
3382,-1.36,0.26
3386,-1.21,0.27
3390,-1.08,0.28
3395,-1.03,0.29
3399,-0.98,0.3
3403,-0.97,0.3
3408,-1.02,0.31
3412,-1.13,0.3
3417,-1.32,0.3
3422,-1.56,0.29
3426,-1.8,0.27
3430,-2,0.25
3435,-2,0.22
3439,-2,0.19
3443,-2,0.16
3448,-2,0.13
3452,-2,0.09
3457,-2,0.06
3461,-2,0.02
3466,-2,-0.02
3470,-2,-0.05
3475,-2,-0.08
3479,-2,-0.11
3484,-1.77,-0.14
3489,-1.5,-0.16
3493,-1.09,-0.18
3499,-0.63,-0.2
3503,-0.29,-0.21
3508,0.1,-0.21
3512,0.46,-0.21
3517,0.64,-0.2
3521,0.84,-0.19
3525,1.06,-0.18
3529,1.2,-0.18
3534,1.33,-0.17
3538,1.4,-0.17
3543,1.33,-0.16
3548,1.23,-0.16
3552,1.18,-0.17
3556,0.68,-0.17
3561,0.55,-0.18
3565,0.66,-0.19
3569,0.83,-0.2
3574,1.03,-0.2
3578,1.02,-0.21
3582,0.91,-0.21
3588,0.57,-0.22
3592,0.71,-0.23
3596,0.72,-0.24
3601,0.72,-0.25
3605,0.75,-0.26
3609,0.8,-0.28
3614,0.81,-0.29
3618,0.77,-0.3
3622,0.94,-0.31
3627,1.03,-0.31
3632,1.02,-0.31
3636,1.03,-0.31
3640,1.08,-0.31
3645,1.12,-0.31
3649,1.11,-0.31
3653,1.16,-0.31
3658,1.26,-0.31
3662,1.43,-0.3
3666,1.55,-0.29
3672,1.58,-0.28
3676,1.61,-0.26
3680,1.66,-0.24
3685,1.76,-0.23
3689,1.95,-0.2
3693,2,-0.18
3698,2,-0.16
3702,2,-0.14
3706,2,-0.12
3710,2,-0.1
3716,1.99,-0.08
3720,1.92,-0.06
3724,1.83,-0.04
3729,1.78,-0.02
3733,1.68,0
3737,1.65,0.02
3741,1.59,0.05
3745,1.44,0.07
3750,1.22,0.09
3755,0.92,0.11
3759,0.59,0.13
3763,0.35,0.14
3767,0.11,0.15
3771,-0.08,0.15
3775,-0.51,0.16
3779,-0.75,0.15
3784,-0.85,0.15
3788,-0.94,0.15
3792,-0.95,0.15
3798,-0.92,0.15
3802,-0.82,0.16
3806,-0.57,0.17
3811,-0.38,0.18
3815,-0.3,0.19
3819,-0.34,0.21
3824,-0.42,0.21
3828,-0.54,0.22
3832,-0.65,0.23
3837,-0.81,0.23
3842,-0.85,0.23
3846,-0.86,0.23
3851,-0.93,0.23
3855,-0.98,0.23
3859,-1.01,0.24
3864,-1,0.24
3868,-1.03,0.25
3872,-1.07,0.26
3876,-1.14,0.27
3881,-1.18,0.28
3886,-1.28,0.28
3890,-1.35,0.29
3895,-1.38,0.3
3899,-1.49,0.3
3903,-1.57,0.3
3908,-1.46,0.31
3912,-1.38,0.32
3916,-1.32,0.32
3921,-1.25,0.33
3926,-1.19,0.34
3930,-1.17,0.34
3935,-1.19,0.34
3939,-1.23,0.33
3943,-1.3,0.32
3948,-1.39,0.31
3952,-1.54,0.29
3956,-1.79,0.26
3960,-1.96,0.24
3965,-2,0.2
3970,-2,0.17
3974,-2,0.14
3979,-2,0.11
3983,-2,0.07
3987,-2,0.04
3992,-2,0.01
3996,-2,-0.02
4001,-2,-0.04
4005,-2,-0.07
4011,-2,-0.1
4015,-1.86,-0.13
4020,-1.6,-0.15
4024,-1.24,-0.18
4029,-0.94,-0.19
4034,-0.64,-0.2
4038,-0.32,-0.21
4043,-0.07,-0.22
4047,0.17,-0.23
4052,0.33,-0.23
4057,0.53,-0.24
4061,0.75,-0.24
4066,0.82,-0.24
4070,0.82,-0.24
4074,0.88,-0.24
4078,1.01,-0.24
4083,1.17,-0.24
4087,1.28,-0.24
4091,1.37,-0.24
4097,1.59,-0.23
4101,1.42,-0.23
4105,1.51,-0.23
4110,1.57,-0.23
4114,1.52,-0.23
4118,1.51,-0.23
4123,1.48,-0.23
4127,1.24,-0.24
4131,1.06,-0.25
4136,0.9,-0.26
4141,1.07,-0.27
4145,1.09,-0.28
4150,1.13,-0.28
4154,1.1,-0.29
4158,1.19,-0.3
4162,1.24,-0.31
4167,1.34,-0.31
4171,1.44,-0.32
4175,1.47,-0.32
4180,1.4,-0.32
4185,1.34,-0.32
4189,1.24,-0.33
4194,1.08,-0.33
4198,0.98,-0.33
4202,0.91,-0.32
4207,0.89,-0.32
4211,0.95,-0.31
4215,1.04,-0.3
4220,1.18,-0.28
4225,1.37,-0.26
4229,1.4,-0.24
4234,1.79,-0.21
4238,1.89,-0.18
4242,1.88,-0.15
4247,1.85,-0.13
4251,1.72,-0.1
4255,1.57,-0.09
4259,1.46,-0.07
4264,1.42,-0.05
4269,1.41,-0.03
4273,1.42,-0.01
4278,1.46,0.01
4282,1.44,0.03
4286,1.41,0.05
4290,1.33,0.08
4294,1.26,0.1
4298,1.14,0.12
4302,1,0.14
4306,0.74,0.16
4311,0.13,0.17
4315,-0.18,0.18
4320,-0.19,0.19
4324,-0.3,0.2
4328,-0.31,0.21
4333,-0.37,0.21
4337,-0.33,0.23
4341,-0.21,0.24
4346,-0.18,0.25
4350,-0.21,0.26
4355,-0.3,0.28
4359,-0.32,0.29
4364,-0.33,0.29
4368,-0.3,0.3
4372,-0.3,0.31
4377,-0.31,0.32
4381,-0.44,0.33
4385,-0.5,0.34
4390,-0.57,0.35
4395,-0.75,0.35
4399,-0.86,0.36
4404,-0.98,0.37
4408,-1.05,0.38
4412,-1.18,0.39
4417,-1.22,0.4
4421,-1.19,0.41
4425,-1.21,0.41
4430,-1.21,0.42
4434,-1.17,0.43
4439,-1.14,0.44
4443,-1.12,0.45
4448,-1.12,0.46
4452,-1.17,0.46
4456,-1.29,0.47
4461,-1.39,0.47
4465,-1.51,0.47
4469,-1.57,0.46
4474,-1.61,0.45
4478,-1.7,0.44
4483,-1.77,0.42
4488,-1.87,0.4
4492,-1.98,0.38
4496,-2,0.35
4501,-2,0.33
4505,-2,0.3
4509,-2,0.27
4514,-2,0.24
4518,-2,0.21
4523,-2,0.18
4527,-2,0.15
4532,-2,0.11
4536,-2,0.08
4540,-2,0.04
4545,-2,0.01
4549,-1.76,-0.03
4554,-1.32,-0.05
4558,-0.81,-0.08
4563,-0.53,-0.1
4568,-0.33,-0.11
4573,-0.07,-0.12
4577,0.08,-0.13
4582,0.21,-0.14
4586,0.33,-0.15
4590,0.35,-0.16
4595,0.43,-0.16
4599,0.5,-0.17
4603,0.49,-0.18
4609,0.67,-0.18
4613,0.63,-0.19
4617,1.02,-0.2
4622,0.91,-0.2
4626,0.92,-0.21
4630,0.94,-0.21
4635,1.01,-0.21
4639,1.14,-0.21
4643,1.43,-0.2
4648,1.68,-0.19
4653,1.91,-0.19
4657,2,-0.18
4661,1.93,-0.17
4666,1.71,-0.17
4670,1.45,-0.16
4674,1.22,-0.17
4679,1.05,-0.18
4683,0.94,-0.19
4687,0.88,-0.2
4692,0.87,-0.21
4697,0.92,-0.21
4701,1.01,-0.22
4706,1.17,-0.22
4710,1.35,-0.22
4714,1.61,-0.22
4719,1.79,-0.22
4723,1.96,-0.21
4727,2,-0.2
4732,2,-0.2
4737,2,-0.19
4741,2,-0.18
4745,2,-0.17
4750,2,-0.16
4754,1.95,-0.14
4758,1.85,-0.12
4763,1.72,-0.1
4767,1.5,-0.08
4771,1.29,-0.07
4776,1.1,-0.05
4781,0.98,-0.04
4785,0.94,-0.03
4790,0.95,-0.02
4794,1.04,0
4798,0.79,0.01
4802,0.55,0.02
4806,0.32,0.02
4810,0.15,0.03
4815,0.1,0.03
4819,-0.03,0.03
4824,-0.17,0.04
4828,-0.31,0.04
4833,-0.54,0.04
4837,-0.69,0.04
4841,-0.82,0.04
4846,-0.96,0.04
4850,-1.02,0.04
4854,-0.98,0.04
4858,-0.89,0.04
4864,-0.87,0.05
4868,-0.85,0.05
4872,-0.81,0.06
4877,-0.81,0.06
4881,-0.88,0.06
4885,-1.03,0.06
4890,-1.05,0.06
4894,-1.08,0.06
4898,-1.09,0.07
4903,-1.17,0.07
4908,-1.36,0.07
4912,-1.52,0.07
4917,-1.74,0.07
4921,-1.92,0.07
4925,-2,0.06
4930,-2,0.06
4934,-1.84,0.06
4938,-1.65,0.07
4942,-1.57,0.07
4947,-1.46,0.08
4952,-1.35,0.08
4956,-1.32,0.09
4961,-1.28,0.1
4965,-1.33,0.11
4969,-1.42,0.11
4974,-1.53,0.12
4978,-1.63,0.12
4982,-1.82,0.12
4987,-2,0.12
4992,-2,0.12
4996,-2,0.11
5001,-2,0.1
5005,-2,0.09
5009,-2,0.07
5014,-2,0.05
5018,-2,0.03
5022,-2,0.01
5026,-2,-0.02
5031,-2,-0.04
5037,-2,-0.06
5041,-1.92,-0.09
5046,-1.72,-0.11
5050,-1.5,-0.13
5055,-1.05,-0.15
5059,-0.86,-0.17
5064,-0.64,-0.18
5069,-0.46,-0.2
5073,-0.43,-0.21
5079,-0.25,-0.22
5083,-0.12,-0.24
5088,0.07,-0.25
5092,0.23,-0.26
5097,0.37,-0.28
5101,0.52,-0.29
5105,0.64,-0.31
5109,0.58,-0.32
5114,0.32,-0.33
5118,0.78,-0.33
5123,0.76,-0.34
5128,1.11,-0.34
5132,1.28,-0.33
5136,1.42,-0.33
5141,1.66,-0.32
5145,1.68,-0.31
5149,1.68,-0.31
5154,1.71,-0.3
5158,1.69,-0.3
5163,1.61,-0.3
5168,1.45,-0.31
5172,1.3,-0.32
5176,1.22,-0.32
5181,1.11,-0.33
5185,1.09,-0.34
5189,1.06,-0.35
5193,1,-0.36
5198,1,-0.37
5202,1.04,-0.38
5207,1.06,-0.39
5212,1.18,-0.39
5216,1.24,-0.39
5220,1.27,-0.39
5225,1.27,-0.39
5229,1.27,-0.38
5233,1.25,-0.38
5238,1.25,-0.38
5242,1.26,-0.37
5246,1.33,-0.36
5252,1.39,-0.35
5256,1.41,-0.34
5260,1.44,-0.33
5265,1.65,-0.31
5269,1.85,-0.29
5273,1.99,-0.27
5277,2,-0.24
5282,2,-0.22
5286,2,-0.19
5291,2,-0.16
5296,1.83,-0.13
5300,1.8,-0.1
5304,1.75,-0.07
5309,1.65,-0.05
5313,1.51,-0.03
5317,1.36,0
5322,1.23,0.02
5326,1.13,0.04
5330,1.11,0.06
5335,0.89,0.08
5339,0.75,0.1
5343,0.7,0.11
5347,0.53,0.13
5351,0.52,0.15
5355,0.39,0.17
5359,0.32,0.19
5363,0.22,0.21
5367,0.11,0.23
5371,-0.06,0.25
5377,-0.22,0.27
5381,-0.36,0.28
5385,-0.42,0.29
5390,-0.44,0.3
5394,-0.45,0.31
5398,-0.42,0.32
5403,-0.45,0.33
5407,-0.49,0.34
5411,-0.59,0.34
5416,-0.6,0.35
5421,-0.61,0.36
5425,-0.59,0.38
5430,-0.67,0.39
5434,-0.84,0.4
5438,-0.98,0.41
5442,-1.14,0.42
5447,-1.34,0.43
5451,-1.58,0.43
5455,-1.61,0.43
5460,-1.59,0.44
5465,-1.61,0.44
5469,-1.69,0.45
5474,-1.8,0.45
5478,-1.8,0.45
5482,-1.77,0.45
5487,-1.7,0.45
5491,-1.64,0.45
5495,-1.59,0.45
5500,-1.59,0.44
5505,-1.59,0.43
5509,-1.63,0.42
5514,-1.65,0.4
5518,-1.69,0.39
5522,-1.77,0.37
5526,-1.89,0.35
5531,-2,0.33
5535,-2,0.31
5539,-2,0.28
5544,-2,0.26
5549,-2,0.23
5553,-2,0.21
5558,-2,0.18
5562,-2,0.15
5566,-2,0.12
5571,-2,0.09
5575,-2,0.05
5579,-2,0.02
5584,-2,-0.02
5588,-1.9,-0.06
5594,-1.49,-0.09
5598,-1.29,-0.12
5603,-1.01,-0.14
5607,-0.71,-0.17
5612,-0.35,-0.18
5617,-0.09,-0.19
5621,0.04,-0.21
5625,0.1,-0.22
5630,0.07,-0.23
5635,0.1,-0.23
5639,0.1,-0.24
5644,0.51,-0.25
5648,0.29,-0.26
5652,0.53,-0.26
5657,0.55,-0.27
5661,0.68,-0.28
5665,0.68,-0.28
5670,0.88,-0.29
5675,1.04,-0.29
5679,1.23,-0.29
5684,1.45,-0.29
5688,1.62,-0.28
5692,1.81,-0.28
5697,1.88,-0.27
5701,1.87,-0.27
5705,1.77,-0.27
5709,1.59,-0.27
5714,1.47,-0.28
5719,1.33,-0.28
5723,1.24,-0.29
5728,1.17,-0.3
5732,1.16,-0.31
5736,1.16,-0.31
5741,1.21,-0.32
5745,1.31,-0.32
5749,1.4,-0.33
5754,1.5,-0.33
5758,1.59,-0.32
5763,1.6,-0.32
5768,1.62,-0.32
5772,1.69,-0.31
5776,1.83,-0.3
5781,1.99,-0.29
5785,2,-0.28
5789,2,-0.26
5794,2,-0.25
5798,2,-0.23
5803,2,-0.21
5807,2,-0.2
5812,1.94,-0.18
5816,1.8,-0.16
5820,1.65,-0.14
5825,1.52,-0.12
5829,1.39,-0.1
5833,1.29,-0.09
5838,1.16,-0.07
5842,0.99,-0.06
5847,0.88,-0.04
5852,0.33,-0.03
5856,0.72,-0.02
5860,0.41,-0.01
5865,0.13,0
5869,0.14,0
5873,0.11,0.01
5877,0.1,0.02
5881,0.1,0.03
5885,-0.01,0.04
5890,-0.14,0.06
5895,-0.29,0.07
5899,-0.48,0.08
5903,-0.63,0.09
5908,-0.8,0.1
5912,-0.99,0.1
5916,-1.07,0.11
5921,-1.02,0.12
5925,-1.05,0.13
5929,-1.04,0.13
5935,-1.03,0.14
5939,-1.08,0.14
5943,-1.13,0.15
5948,-1.34,0.15
5952,-1.53,0.15
5956,-1.65,0.15
5961,-1.81,0.15
5965,-1.9,0.15
5969,-1.9,0.15
5974,-1.89,0.15
5979,-1.79,0.15
5983,-1.69,0.16
5987,-1.6,0.16
5992,-1.52,0.16
5996,-1.49,0.17
6000,-1.48,0.17
6005,-1.51,0.18
6009,-1.56,0.18
6013,-1.66,0.19
6019,-1.75,0.19
6023,-1.9,0.19
6027,-2,0.19
6032,-2,0.19
6036,-2,0.19
6040,-2,0.18
6045,-2,0.17
6049,-2,0.16
6053,-2,0.14
6057,-2,0.12
6063,-2,0.1
6067,-2,0.08
6071,-2,0.06
6076,-2,0.04
6080,-2,0.02
6084,-2,-0.01
6089,-2,-0.03
6094,-1.68,-0.05
6098,-1.39,-0.07
6104,-1.18,-0.09
6108,-0.85,-0.11
6113,-0.61,-0.12
6117,-0.24,-0.14
6122,0.01,-0.15
6126,0.13,-0.16
6131,0.27,-0.17
6135,0.36,-0.19
6139,0.44,-0.2
6145,0.52,-0.22
6149,0.41,-0.23
6153,0.78,-0.24
6157,0.86,-0.24
6162,0.93,-0.25
6166,1.2,-0.25
6170,1.43,-0.25
6175,1.57,-0.24
6179,1.64,-0.24
6183,1.83,-0.23
6189,1.99,-0.22
6193,2,-0.22
6197,2,-0.21
6202,2,-0.21
6206,2,-0.21
6210,2,-0.2
6215,1.88,-0.2
6219,1.67,-0.2
6223,1.52,-0.21
6228,1.48,-0.21
6233,1.51,-0.22
6237,1.54,-0.22
6241,1.59,-0.23
6246,1.7,-0.23
6250,1.84,-0.23
6254,1.99,-0.23
6259,2,-0.23
6263,2,-0.22
6267,2,-0.22
6273,2,-0.21
6277,2,-0.21
6281,2,-0.2
6286,2,-0.19
6290,2,-0.18
6294,1.9,-0.16
6299,1.82,-0.15
6303,1.79,-0.14
6307,1.73,-0.12
6312,1.68,-0.1
6317,1.59,-0.09
6321,1.47,-0.08
6325,1.36,-0.06
6330,1.21,-0.05
6334,1.12,-0.04
6338,1.01,-0.02
6343,0.86,-0.01
6347,0.64,0
6351,0.12,0.01
6355,-0.26,0.02
6361,-0.42,0.02
6365,-0.58,0.03
6369,-0.63,0.03
6373,-0.74,0.04
6378,-0.92,0.04
6382,-1.16,0.04
6386,-1.26,0.03
6391,-1.2,0.04
6395,-1.09,0.04
6400,-1.02,0.05
6405,-1.03,0.05
6409,-1.11,0.06
6413,-1.2,0.07
6418,-1.39,0.07
6422,-1.67,0.08
6426,-1.87,0.07
6431,-2,0.07
6435,-2,0.07
6439,-2,0.06
6445,-2,0.06
6449,-2,0.05
6453,-2,0.05
6457,-2,0.04
6462,-1.89,0.04
6466,-1.75,0.04
6470,-1.66,0.05
6475,-1.6,0.05
6479,-1.57,0.05
6483,-1.55,0.06
6489,-1.54,0.06
6493,-1.59,0.07
6497,-1.66,0.07
6502,-1.76,0.07
6506,-1.93,0.07
6510,-2,0.07
6515,-2,0.07
6519,-2,0.07
6523,-2,0.07
6529,-2,0.07
6533,-2,0.07
6537,-2,0.07
6541,-2,0.06
6546,-2,0.06
6550,-2,0.04
6554,-2,0.03
6559,-2,0.01
6563,-2,-0.01
6568,-2,-0.03
6573,-2,-0.05
6578,-2,-0.07
6582,-2,-0.1
6587,-1.94,-0.12
6591,-1.57,-0.14
6596,-1.2,-0.16
6601,-0.85,-0.18
6605,-0.72,-0.2
6610,-0.4,-0.21
6615,-0.1,-0.23
6620,0.05,-0.24
6624,0.21,-0.26
6629,0.34,-0.27
6633,0.29,-0.29
6637,0.69,-0.3
6641,0.93,-0.31
6646,1.05,-0.32
6650,1.29,-0.33
6654,1.46,-0.33
6660,1.57,-0.34
6664,1.68,-0.34
6668,1.75,-0.34
6673,1.86,-0.33
6677,1.95,-0.33
6681,2,-0.32
6686,2,-0.32
6690,2,-0.32
6694,2,-0.31
6700,2,-0.31
6704,2,-0.31
6708,1.96,-0.31
6713,1.86,-0.32
6717,1.78,-0.32
6721,1.8,-0.32
6726,1.84,-0.32
6730,1.87,-0.32
6734,1.88,-0.32
6738,1.92,-0.32
6744,1.99,-0.32
6748,2,-0.32
6752,2,-0.32
6757,2,-0.31
6761,2,-0.31
6765,2,-0.3
6770,2,-0.3
6774,2,-0.29
6778,2,-0.28
6784,1.99,-0.27
6788,1.82,-0.26
6792,1.67,-0.25
6797,1.58,-0.24
6801,1.46,-0.22
6805,1.37,-0.2
6810,1.25,-0.18
6814,1.09,-0.17
6818,0.98,-0.15
6822,0.78,-0.13
6828,0.54,-0.12
6832,0.12,-0.1
6836,-0.09,-0.09
6841,-0.23,-0.08
6846,-0.26,-0.07
6850,-0.31,-0.07
6855,-0.44,-0.06
6859,-0.59,-0.05
6864,-0.72,-0.05
6868,-0.84,-0.04
6874,-0.98,-0.03
6879,-1.22,-0.02
6883,-1.46,-0.02
6888,-1.58,-0.01
6892,-1.67,-0.01
6897,-1.57,-0.01
6901,-1.6,0
6906,-1.57,0
6910,-1.62,0.01
6916,-1.7,0.01
6920,-1.84,0
6924,-2,0
6929,-2,0
6933,-2,-0.01
6938,-1.87,-0.01
6942,-1.7,-0.01
6947,-1.46,-0.01
6951,-1.32,-0.01
6957,-1.29,0
6962,-1.3,0.01
6966,-1.32,0.01
6970,-1.36,0.02
6974,-1.44,0.03
6979,-1.55,0.03
6983,-1.65,0.03
6987,-1.77,0.04
6992,-1.87,0.04
6996,-2,0.04
7001,-2,0.04
7006,-2,0.04
7010,-2,0.04
7014,-2,0.04
7019,-2,0.04
7023,-2,0.04
7027,-2,0.04
7032,-2,0.04
7036,-2,0.04
7041,-2,0.03
7046,-2,0.02
7050,-2,0.01
7054,-2,0
7059,-2,-0.02
7063,-2,-0.04
7068,-2,-0.06
7072,-1.96,-0.08
7077,-1.89,-0.1
7081,-1.82,-0.12
7087,-1.6,-0.14
7092,-1.27,-0.17
7096,-0.75,-0.18
7101,-0.45,-0.2
7105,-0.1,-0.22
7110,0.08,-0.23
7114,0.15,-0.25
7118,0.18,-0.26
7123,0.27,-0.28
7128,0.26,-0.3
7132,0.63,-0.31
7137,0.58,-0.32
7141,0.9,-0.33
7145,1,-0.34
7150,1.28,-0.35
7154,1.33,-0.36
7158,1.45,-0.36
7163,1.53,-0.37
7168,1.55,-0.37
7172,1.63,-0.37
7177,1.7,-0.37
7181,1.78,-0.37
7185,1.89,-0.37
7189,1.91,-0.37
7194,1.92,-0.37
7198,1.87,-0.37
7202,1.8,-0.38
7207,1.74,-0.38
7212,1.68,-0.38
7216,1.6,-0.39
7221,1.49,-0.39
7225,1.42,-0.4
7229,1.37,-0.4
7234,1.35,-0.41
7238,1.37,-0.41
7242,1.44,-0.42
7247,1.55,-0.42
7251,1.67,-0.42
7256,1.82,-0.41
7261,1.99,-0.4
7265,2,-0.39
7269,2,-0.38
7273,2,-0.37
7278,2,-0.36
7282,2,-0.34
7286,2,-0.32
7291,2,-0.3
7296,2,-0.27
7300,2,-0.25
7305,2,-0.23
7309,1.84,-0.2
7313,1.74,-0.18
7318,1.71,-0.15
7322,1.65,-0.12
7326,1.59,-0.1
7331,1.75,-0.06
7335,1.58,-0.03
7340,1.08,-0.01
7345,1.09,0.02
7349,0.95,0.05
7353,0.57,0.07
7357,0.22,0.09
7361,0.09,0.1
7365,-0.14,0.12
7369,-0.31,0.14
7373,-0.56,0.15
7378,-0.78,0.17
7383,-0.98,0.17
7387,-1.31,0.18
7392,-1.62,0.18
7396,-1.87,0.17
7400,-1.91,0.16
7405,-1.78,0.16
7409,-1.69,0.16
7413,-1.7,0.15
7418,-1.78,0.15
7422,-1.89,0.15
7427,-2,0.14
7432,-2,0.14
7436,-2,0.14
7440,-2,0.14
7445,-2,0.14
7449,-2,0.14
7453,-2,0.14
7458,-1.95,0.14
7462,-1.88,0.14
7467,-1.79,0.14
7471,-1.67,0.15
7476,-1.65,0.15
7480,-1.65,0.15
7484,-1.68,0.16
7489,-1.68,0.16
7493,-1.66,0.16
7497,-1.64,0.17
7502,-1.66,0.17
7506,-1.71,0.17
7511,-1.84,0.17
7516,-1.98,0.17
7520,-2,0.17
7524,-2,0.17
7529,-2,0.17
7533,-2,0.16
7537,-2,0.15
7542,-2,0.13
7546,-2,0.11
7550,-2,0.09
7555,-2,0.07
7560,-2,0.05
7564,-2,0.03
7568,-2,0
7573,-2,-0.02
7577,-2,-0.05
7582,-2,-0.08
7586,-2,-0.11
7591,-2,-0.14
7597,-2,-0.17
7601,-2,-0.21
7606,-1.93,-0.24
7610,-1.93,-0.28
7615,-1.69,-0.31
7619,-1.53,-0.34
7624,-1.25,-0.37
7629,-1,-0.4
7633,-0.66,-0.43
7639,-0.43,-0.45
7643,-0.2,-0.47
7648,-0.27,-0.49
7652,0.06,-0.51
7657,0.19,-0.53
7661,0.35,-0.54
7665,0.57,-0.55
7670,0.69,-0.55
7674,0.8,-0.56
7678,0.89,-0.56
7684,1,-0.57
7688,1.21,-0.57
7692,1.55,-0.57
7697,1.7,-0.57
7701,1.92,-0.57
7705,1.92,-0.57
7710,1.94,-0.57
7714,1.96,-0.57
7718,1.91,-0.57
7723,1.8,-0.57
7728,1.7,-0.58
7732,1.6,-0.58
7736,1.57,-0.58
7741,1.59,-0.59
7745,1.56,-0.59
7749,1.48,-0.6
7754,1.44,-0.6
7758,1.48,-0.61
7762,1.51,-0.61
7768,1.58,-0.61
7772,1.65,-0.61
7776,1.8,-0.61
7781,1.94,-0.6
7785,2,-0.59
7789,2,-0.58
7794,2,-0.57
7798,2,-0.56
7802,2,-0.54
7806,2,-0.52
7812,2,-0.5
7816,2,-0.48
7820,2,-0.45
7825,2,-0.43
7829,2,-0.4
7833,1.92,-0.36
7838,1.53,-0.33
7842,1.29,-0.3
7846,0.53,-0.28
7852,0.91,-0.25
7856,0.63,-0.23
7860,0.82,-0.2
7865,0.84,-0.17
7869,0.93,-0.15
7873,0.6,-0.12
7878,0.34,-0.1
7882,0.13,-0.08
7886,-0.06,-0.06
7891,-0.24,-0.04
7896,-0.48,-0.02
7901,-0.66,-0.01
7905,-0.86,0
7910,-0.92,0.01
7914,-1.02,0.02
7918,-1.19,0.02
7923,-1.62,0.02
7927,-1.82,0.02
7931,-1.85,0.02
7937,-1.77,0.02
7941,-1.79,0.02
7945,-1.87,0.02
7950,-1.93,0.01
7954,-1.97,0.01
7958,-1.97,0.01
7963,-1.94,0.01
7967,-1.9,0.01
7971,-1.91,0.01
7976,-1.91,0.01
7981,-1.9,0.01
7985,-1.84,0.02
7989,-1.81,0.02
7994,-1.78,0.02
7998,-1.79,0.02
8002,-1.79,0.02
8007,-1.8,0.03
8011,-1.81,0.03
8015,-1.81,0.03
8020,-1.83,0.03
8025,-1.9,0.03
8029,-2,0.03
8034,-2,0.03
8038,-2,0.03
8042,-2,0.03
8047,-2,0.03
8051,-2,0.03
8055,-2,0.03
8060,-2,0.03
8065,-2,0.02
8069,-2,0.02
8073,-2,0.01
8078,-2,-0.01
8082,-2,-0.02
8087,-2,-0.04
8092,-2,-0.06
8096,-2,-0.08
8101,-2,-0.1
8105,-1.99,-0.12
8111,-1.83,-0.15
8115,-1.63,-0.17
8120,-1.4,-0.19
8125,-1.09,-0.21
8129,-0.87,-0.23
8134,-0.75,-0.25
8138,-0.57,-0.27
8143,-0.34,-0.29
8147,-0.24,-0.32
8153,-0.08,-0.34
8158,0.03,-0.35
8162,0.02,-0.37
8166,0.21,-0.39
8170,0.16,-0.41
8175,0.15,-0.42
8179,0.41,-0.43
8183,0.58,-0.44
8188,0.88,-0.45
8193,1.02,-0.46
8197,1.23,-0.46
8202,1.39,-0.46
8206,1.54,-0.46
8210,1.62,-0.46
8215,1.64,-0.46
8219,1.62,-0.46
8223,1.61,-0.46
8228,1.61,-0.46
8232,1.55,-0.47
8237,1.46,-0.47
8242,1.41,-0.48
8246,1.36,-0.49
8250,1.33,-0.49
8254,1.34,-0.5
8259,1.34,-0.51
8263,1.34,-0.51
8267,1.37,-0.52
8272,1.43,-0.52
8276,1.47,-0.53
8281,1.54,-0.53
8286,1.61,-0.53
8290,1.76,-0.53
8294,2,-0.51
8299,2,-0.5
8303,2,-0.49
8307,2,-0.48
8312,2,-0.46
8316,2,-0.45
8321,2,-0.44
8326,2,-0.42
8330,2,-0.4
8334,2,-0.38
8338,2,-0.36
8343,2,-0.34
8347,1.78,-0.31
8351,1.57,-0.29
8356,1.33,-0.27
8360,1.03,-0.25
8365,0.96,-0.22
8370,0.63,-0.2
8374,0.24,-0.18
8378,0.1,-0.16
8383,0.2,-0.14
8387,0.16,-0.12
8391,0.17,-0.1
8396,0.1,-0.08
8400,-0.07,-0.06
8404,-0.26,-0.04
8410,-0.39,-0.03
8415,-0.58,-0.02
8419,-0.68,0
8424,-0.74,0.01
8428,-0.77,0.02
8432,-0.86,0.03
8437,-0.98,0.04
8441,-1.29,0.04
8445,-1.65,0.04
8451,-2,0.04
8455,-2,0.04
8459,-1.97,0.04
8464,-1.93,0.04
8468,-1.96,0.04
8472,-2,0.03
8477,-2,0.03
8481,-2,0.03
8485,-2,0.03
8491,-2,0.03
8495,-2,0.03
8499,-2,0.03
8503,-2,0.03
8508,-2,0.03
8512,-2,0.03
8516,-2,0.03
8521,-2,0.03
8525,-1.98,0.03
8529,-1.98,0.03
8535,-1.98,0.03
8539,-1.99,0.03
8543,-2,0.03
8548,-2,0.03
8552,-2,0.03
8556,-2,0.03
8561,-2,0.03
8565,-2,0.02
8569,-2,0.01
8574,-2,0
8579,-2,-0.01
8583,-2,-0.02
8588,-2,-0.04
8593,-2,-0.06
8597,-2,-0.08
8602,-2,-0.1
8606,-2,-0.12
8611,-2,-0.14
8615,-2,-0.16
8621,-2,-0.18
8626,-1.86,-0.21
8630,-1.73,-0.23
8635,-1.56,-0.25
8639,-1.28,-0.28
8644,-1.09,-0.3
8648,-0.86,-0.32
8653,-0.71,-0.34
8658,-0.6,-0.37
8663,-0.44,-0.39
8668,-0.35,-0.41
8672,-0.19,-0.42
8677,-0.06,-0.44
8681,0.1,-0.46
8686,0.1,-0.47
8690,0.2,-0.48
8694,0.23,-0.49
8699,0.46,-0.5
8704,0.66,-0.51
8708,0.85,-0.51
8713,1.14,-0.52
8717,1.38,-0.52
8721,1.63,-0.51
8726,1.71,-0.51
8730,1.72,-0.51
8734,1.71,-0.51
8738,1.71,-0.51
8743,1.67,-0.51
8748,1.64,-0.52
8752,1.62,-0.52
8757,1.57,-0.52
8761,1.55,-0.53
8765,1.5,-0.53
8770,1.51,-0.54
8774,1.53,-0.54
8778,1.51,-0.55
8783,1.47,-0.55
8787,1.4,-0.56
8792,1.4,-0.57
8797,1.37,-0.57
8801,1.38,-0.57
8805,1.45,-0.57
8810,1.61,-0.56
8814,1.86,-0.56
8818,2,-0.54
8823,2,-0.52
8827,2,-0.51
8832,2,-0.49
8836,2,-0.47
8841,2,-0.45
8845,2,-0.43
8849,2,-0.41
8854,1.97,-0.39
8858,1.66,-0.37
8862,1.32,-0.35
8867,1.02,-0.33
8871,0.72,-0.32
8876,0.51,-0.3
8881,0.39,-0.29
8885,0.01,-0.28
8889,0.05,-0.27
8894,-0.56,-0.26
8898,-0.52,-0.24
8903,-0.62,-0.23
8907,-0.62,-0.22
8912,-0.76,-0.2
8916,-0.89,-0.19
8922,-1.04,-0.18
8927,-1.18,-0.18
8931,-1.22,-0.17
8936,-1.24,-0.16
8940,-1.2,-0.15
8945,-1.12,-0.14
8949,-1.06,-0.13
8954,-1.01,-0.12
8960,-0.99,-0.11
8964,-0.99,-0.1
8969,-1.05,-0.09
8973,-1.13,-0.09
8978,-1.18,-0.08
8982,-1.25,-0.07
8987,-1.3,-0.06
8992,-1.31,-0.06
8996,-1.29,-0.05
9001,-1.24,-0.04
9006,-1.24,-0.03
9011,-1.32,-0.03
9015,-1.42,-0.02
9020,-1.44,-0.02
9025,-1.48,-0.01
9029,-1.53,-0.01
9034,-1.63,0
9038,-1.76,0
9043,-1.87,0
9048,-1.92,0
9052,-1.9,0
9057,-1.93,0
9061,-1.98,0
9065,-2,0
9070,-2,0
9074,-2,0
9078,-2,0
9083,-2,0
9088,-2,0
9093,-2,-0.01
9097,-2,-0.02
9102,-2,-0.03
9107,-2,-0.05
9111,-2,-0.06
9116,-2,-0.08
9120,-2,-0.09
9125,-2,-0.11
9129,-2,-0.13
9135,-2,-0.15
9140,-2,-0.17
9144,-2,-0.19
9149,-1.99,-0.22
9153,-1.67,-0.24
9158,-1.44,-0.26
9162,-1.17,-0.28
9167,-0.98,-0.3
9172,-0.79,-0.32
9177,-0.51,-0.34
9182,-0.24,-0.36
9186,-0.1,-0.38
9191,-0.01,-0.4
9195,0.12,-0.41
9200,0.28,-0.43
9204,0.2,-0.44
9208,0.3,-0.45
9213,0.49,-0.47
9218,0.74,-0.47
9222,0.93,-0.48
9227,1.11,-0.48
9231,1.26,-0.49
9235,1.45,-0.49
9240,1.61,-0.49
9244,1.73,-0.48
9248,1.83,-0.48
9252,1.9,-0.47
9257,1.9,-0.47
9262,1.86,-0.46
9266,1.82,-0.46
9271,1.83,-0.46
9275,1.86,-0.46
9279,1.84,-0.46
9284,1.78,-0.47
9288,1.71,-0.47
9292,1.61,-0.47
9297,1.51,-0.48
9302,1.42,-0.48
9306,1.4,-0.49
9311,1.5,-0.49
9315,1.69,-0.49
9319,1.99,-0.49
9324,2,-0.48
9328,2,-0.46
9332,2,-0.45
9336,2,-0.43
9341,2,-0.41
9346,2,-0.39
9350,2,-0.37
9355,2,-0.34
9359,2,-0.32
9363,2,-0.29
9368,1.98,-0.26
9372,1.45,-0.24
9376,1.09,-0.22
9381,0.84,-0.2
9385,0.79,-0.18
9390,0.66,-0.16
9395,0.21,-0.15
9399,0.14,-0.13
9403,0.05,-0.12
9408,-0.19,-0.11
9412,-0.4,-0.11
9417,-0.55,-0.1
9421,-0.65,-0.1
9426,-0.78,-0.1
9431,-0.87,-0.09
9436,-1.07,-0.09
9441,-1.16,-0.09
9445,-1.23,-0.09
9450,-1.38,-0.09
9454,-1.84,-0.1
9459,-2,-0.1
9463,-2,-0.11
9468,-2,-0.12
9474,-1.89,-0.12
9478,-1.85,-0.12
9483,-1.93,-0.13
9487,-1.95,-0.13
9492,-1.99,-0.13
9496,-2,-0.13
9501,-2,-0.14
9506,-2,-0.14
9510,-2,-0.14
9516,-1.97,-0.14
9520,-1.97,-0.14
9525,-1.94,-0.14
9529,-1.88,-0.14
9534,-1.87,-0.13
9539,-1.82,-0.13
9543,-1.77,-0.13
9548,-1.77,-0.13
9552,-1.74,-0.12
9558,-1.69,-0.12
9562,-1.65,-0.12
9567,-1.61,-0.11
9572,-1.65,-0.11
9576,-1.75,-0.11
9581,-1.92,-0.11
9585,-2,-0.11
9590,-2,-0.11
9594,-2,-0.11
9600,-2,-0.11
9604,-2,-0.11
9609,-2,-0.11
9614,-2,-0.12
9618,-2,-0.12
9623,-2,-0.14
9627,-2,-0.15
9632,-2,-0.16
9637,-1.93,-0.18
9641,-1.95,-0.2
9647,-1.91,-0.22
9651,-1.83,-0.24
9656,-1.65,-0.26
9660,-1.43,-0.27
9665,-1.25,-0.29
9669,-1.07,-0.3
9674,-0.89,-0.32
9679,-0.65,-0.33
9683,-0.44,-0.35
9689,-0.46,-0.37
9693,-0.59,-0.39
9698,-0.38,-0.41
9702,0.2,-0.42
9707,0.44,-0.44
9711,0.56,-0.45
9715,0.57,-0.46
9720,0.64,-0.48
9724,0.95,-0.48
9729,1.37,-0.49
9734,1.84,-0.49
9738,2,-0.49
9742,2,-0.49
9747,2,-0.48
9751,2,-0.48
9755,2,-0.47
9760,2,-0.47
9764,1.99,-0.46
9768,1.92,-0.46
9774,1.85,-0.46
9778,1.78,-0.46
9782,1.66,-0.46
9786,1.5,-0.47
9791,1.38,-0.47
9795,1.34,-0.48
9799,1.37,-0.49
9804,1.47,-0.49
9808,1.65,-0.49
9812,1.8,-0.5
9818,1.96,-0.5
9822,2,-0.5
9826,2,-0.5
9831,2,-0.49
9835,2,-0.48
9839,2,-0.47
9844,2,-0.46
9848,2,-0.45
9852,2,-0.43
9858,2,-0.41
9862,2,-0.39
9866,2,-0.37
9870,2,-0.34
9875,1.96,-0.32
9879,1.46,-0.3
9883,1.45,-0.27
9888,1.24,-0.25
9892,1.22,-0.23
9896,1.13,-0.21
9902,1.09,-0.18
9906,0.96,-0.16
9910,0.85,-0.13
9915,0.7,-0.11
9919,0.6,-0.08
9923,0.52,-0.06
9928,0.41,-0.03
9932,0.3,-0.01
9936,0.04,0.01
9940,-0.22,0.03
9946,-0.45,0.04
9950,-0.65,0.05
9954,-0.74,0.07
9959,-0.87,0.08
9963,-0.91,0.09
9967,-1.03,0.1
9972,-1.27,0.11
9976,-1.38,0.11
9980,-1.35,0.12
9985,-1.32,0.12
9990,-1.41,0.13
9994,-1.61,0.13
9998,-1.7,0.13
10003,-1.71,0.13
10007,-1.68,0.13
10012,-1.68,0.13
10016,-1.66,0.13
10021,-1.65,0.13
10027,-1.65,0.13
10031,-1.66,0.13
10036,-1.64,0.13
10040,-1.6,0.14
10045,-1.57,0.14
10049,-1.58,0.15
10054,-1.61,0.15
10059,-1.63,0.15
10063,-1.64,0.16
10068,-1.7,0.16
10073,-1.77,0.16
10078,-1.86,0.17
10082,-2,0.17
10087,-2,0.16
10092,-2,0.16
10096,-2,0.16
10101,-2,0.16
10105,-2,0.16
10110,-2,0.15
10115,-2,0.14
10120,-2,0.14
10125,-2,0.12
10129,-2,0.11
10134,-2,0.1
10138,-2,0.08
10143,-2,0.07
10147,-2,0.05
10152,-1.86,0.03
10158,-1.81,0.01
10162,-1.68,-0.02
10167,-1.46,-0.04
10172,-1.12,-0.05
10177,-0.79,-0.07
10181,-0.54,-0.09
10186,-0.23,-0.11
10191,-0.13,-0.13
10196,-0.16,-0.15
10202,-0.05,-0.17
10207,0.22,-0.19
10211,0.57,-0.21
10216,0.71,-0.22
10220,0.87,-0.23
10225,1.07,-0.24
10229,1.41,-0.24
10234,1.81,-0.24
10240,2,-0.24
10244,2,-0.24
10249,2,-0.23
10253,2,-0.22
10258,2,-0.22
10262,2,-0.21
10267,2,-0.21
10272,2,-0.21
10276,2,-0.2
10281,2,-0.2
10286,2,-0.2
10291,2,-0.2
10295,2,-0.2
10300,2,-0.2
10305,2,-0.2
10309,2,-0.2
10314,2,-0.2
10318,2,-0.2
10323,2,-0.2
10328,2,-0.2
10333,2,-0.2
10338,2,-0.2
10342,2,-0.2
10347,2,-0.19
10351,2,-0.19
10356,1.68,-0.18
10360,1.37,-0.18
10365,1.29,-0.18
10371,1.1,-0.18
10375,0.97,-0.17
10380,0.86,-0.17
10384,0.82,-0.17
10389,0.66,-0.17
10393,0.32,-0.17
10398,0.16,-0.17
10403,-0.05,-0.17
10407,-0.31,-0.17
10413,-0.6,-0.17
10418,-0.96,-0.18
10423,-1.23,-0.18
10428,-1.35,-0.19
10432,-1.38,-0.19
10437,-1.38,-0.2
10442,-1.48,-0.2
10447,-1.74,-0.2
10452,-1.72,-0.2
10458,-1.74,-0.21
10462,-1.86,-0.21
10467,-2,-0.22
10472,-2,-0.22
10477,-2,-0.22
10482,-2,-0.23
10487,-2,-0.23
10491,-2,-0.23
10497,-2,-0.24
10502,-2,-0.24
10507,-2,-0.24
10512,-1.93,-0.25
10516,-1.9,-0.25
10521,-1.89,-0.25
10526,-1.88,-0.26
10531,-1.93,-0.26
10536,-2,-0.26
10542,-2,-0.27
10546,-2,-0.27
10551,-2,-0.27
10556,-2,-0.27
10561,-2,-0.27
10566,-2,-0.27
10571,-2,-0.27
10575,-2,-0.27
10580,-2,-0.27
10586,-2,-0.27
10591,-2,-0.27
10596,-2,-0.27
10600,-2,-0.27
10605,-2,-0.27
10610,-1.84,-0.27
10615,-1.47,-0.27
10620,-1.08,-0.26
10626,-0.76,-0.24
10630,-0.45,-0.23
10635,-0.23,-0.21
10640,-0.12,-0.2
10645,0.06,-0.18
10649,0.28,-0.16
10654,0.34,-0.15
10659,0.79,-0.13
10663,1.19,-0.11
10669,1.55,-0.1
10673,1.9,-0.07
10678,2,-0.05
10682,2,-0.03
10687,2,-0.01
10692,2,0
10696,1.94,0.01
10700,1.75,0.02
10705,1.65,0.03
10710,1.64,0.03
10714,1.73,0.03
10719,1.9,0.03
10723,2,0.03
10727,2,0.03
10732,2,0.03
10736,2,0.03
10740,2,0.03
10745,2,0.03
10749,2,0.03
10754,2,0.03
10759,2,0.03
10763,2,0.03
10767,2,0.03
10772,2,0.03
10776,2,0.03
10780,2,0.03
10784,2,0.03
10789,2,0.03
10793,2,0.03
10798,2,0.03
10803,2,0.03
10807,2,0.03
10811,1.98,0.03
10816,2,0.03
10820,1.85,0.03
10824,1.17,0.02
10829,1.17,0.01
10833,1.04,0.01
10838,0.69,0
10843,0.64,0
10847,0.5,-0.01
10852,0.35,-0.01
10856,0.14,-0.02
10861,-0.28,-0.03
10866,-0.69,-0.04
10871,-1.04,-0.05
10875,-1.31,-0.06
10881,-1.53,-0.08
10886,-1.93,-0.09
10891,-2,-0.1
10896,-1.89,-0.11
10900,-1.77,-0.11
10905,-1.71,-0.11
10910,-1.66,-0.12
10915,-1.65,-0.12
10920,-1.74,-0.12
10926,-1.83,-0.12
10930,-1.96,-0.12
10935,-2,-0.12
10940,-2,-0.12
10945,-2,-0.12
10950,-2,-0.12
10955,-2,-0.12
10959,-2,-0.12
10964,-2,-0.12
10970,-2,-0.12
10975,-1.92,-0.12
10980,-1.83,-0.12
10984,-1.81,-0.12
10989,-1.87,-0.12
10994,-1.95,-0.12
10999,-2,-0.12
11004,-2,-0.12
11010,-2,-0.12
11014,-2,-0.12
11019,-2,-0.12
11024,-2,-0.12
11029,-2,-0.12
11034,-2,-0.12
11039,-2,-0.12
11043,-2,-0.12
11048,-2,-0.12
11054,-2,-0.12
11059,-1.99,-0.12
11064,-1.57,-0.12
11069,-1.59,-0.11
11073,-1.46,-0.11
11078,-1.27,-0.1
11083,-0.97,-0.09
11088,-0.66,-0.08
11094,-0.29,-0.07
11098,0.02,-0.07
11103,0.2,-0.06
11108,0.4,-0.05
11112,0.48,-0.05
11117,0.66,-0.04
11121,0.77,-0.04
11126,0.82,-0.03
11130,0.99,-0.03
11136,1.19,-0.03
11141,1.42,-0.03
11145,1.84,-0.03
11150,2,-0.03
11154,2,-0.03
11159,2,-0.03
11163,2,-0.03
11168,2,-0.03
11173,1.85,-0.03
11177,1.58,-0.03
11183,1.46,-0.03
11187,1.44,-0.04
11192,1.36,-0.04
11196,1.4,-0.05
11201,1.35,-0.05
11206,1.28,-0.06
11210,1.28,-0.07
11215,1.35,-0.08
11219,1.45,-0.08
11225,1.55,-0.09
11229,1.67,-0.09
11234,1.76,-0.09
11239,1.82,-0.09
11243,1.99,-0.09
11248,2,-0.09
11252,2,-0.09
11257,2,-0.09
11261,2,-0.09
11267,2,-0.09
11272,2,-0.09
11276,2,-0.09
11281,2,-0.09
11285,2,-0.09
11290,2,-0.09
11294,2,-0.09
11299,1.9,-0.09
11304,1.62,-0.09
11309,0.99,-0.09
11314,0.99,-0.09
11318,0.85,-0.09
11323,0.97,-0.09
11327,0.8,-0.08
11332,0.57,-0.08
11337,0.2,-0.08
11341,0.09,-0.08
11346,-0.24,-0.07
11351,-0.46,-0.07
11356,-0.76,-0.06
11361,-0.9,-0.05
11366,-0.85,-0.04
11371,-1.22,-0.04
11376,-1.48,-0.03
11380,-1.49,-0.03
11385,-1.48,-0.03
11390,-1.5,-0.02
11396,-1.63,-0.02
11401,-1.88,-0.03
11406,-1.95,-0.03
11410,-2,-0.03
11415,-2,-0.03
11420,-2,-0.03
11425,-2,-0.03
11430,-1.95,-0.03
11436,-1.91,-0.03
11440,-1.83,-0.02
11445,-1.8,-0.02
11450,-1.8,-0.02
11455,-1.87,-0.02
11460,-1.95,-0.02
11464,-2,-0.02
11469,-2,-0.02
11474,-2,-0.02
11480,-2,-0.02
11485,-2,-0.02
11490,-2,-0.02
11494,-2,-0.02
11499,-2,-0.02
11504,-2,-0.02
11509,-2,-0.02
11514,-2,-0.02
11520,-2,-0.02
11524,-2,-0.02
11529,-2,-0.02
11534,-2,-0.02
11539,-1.69,-0.02
11544,-1.35,-0.02
11548,-1.01,-0.01
11553,-0.65,-0.01
11558,-0.49,0
11564,-0.2,0.01
11568,0.14,0.02
11573,0.39,0.02
11577,0.7,0.03
11581,0.83,0.04
11586,0.91,0.04
11590,1.08,0.05
11594,1.11,0.05
11598,1.09,0.06
11603,1.13,0.06
11608,1.17,0.06
11612,1.16,0.06
11617,1.15,0.06
11621,1.35,0.05
11625,1.47,0.05
11630,1.68,0.05
11634,1.82,0.04
11638,1.75,0.04
11643,1.8,0.04
11648,1.83,0.04
11652,1.6,0.04
11657,1.53,0.04
11661,1.43,0.04
11665,1.33,0.04
11670,1.18,0.04
11674,1.03,0.03
11678,0.99,0.03
11682,0.98,0.03
11687,1.02,0.02
11692,1.15,0.02
11696,1.27,0.02
11701,1.36,0.02
11705,1.51,0.01
11709,1.69,0.01
11714,1.99,0.01
11718,2,0.01
11722,2,0.01
11727,2,0.01
11731,2,0.01
11736,2,0.01
11741,2,0.01
11745,2,0.01
11749,2,0.01
11754,2,0.01
11758,2,0.01
11762,2,0.01
11766,2,0.01
11771,1.87,0.02
11776,1.67,0.02
11780,1.39,0.03
11785,1.3,0.03
11789,1.16,0.03
11793,1.21,0.04
11798,1.22,0.04
11802,1.15,0.05
11806,1.06,0.06
11811,0.87,0.07
11815,0.53,0.08
11820,0.36,0.1
11825,0.28,0.11
11829,0.2,0.12
11833,0.08,0.13
11838,-0.22,0.14
11842,-0.17,0.16
11847,-0.4,0.17
11851,-0.45,0.18
11856,-1.24,0.18
11860,-1.57,0.18
11866,-1.59,0.19
11871,-1.61,0.19
11875,-1.8,0.19
11880,-1.82,0.2
11884,-1.82,0.2
11889,-1.78,0.2
11893,-1.8,0.2
11898,-1.74,0.2
11904,-1.72,0.2
11908,-1.82,0.2
11913,-1.91,0.2
11917,-1.92,0.2
11922,-1.76,0.2
11926,-1.64,0.21
11931,-1.53,0.21
11936,-1.58,0.22
11940,-1.68,0.22
11945,-1.78,0.22
11950,-1.83,0.22
11955,-1.87,0.23
11959,-1.99,0.23
11964,-2,0.23
11969,-2,0.23
11973,-2,0.23
11978,-2,0.23
11982,-2,0.23
11987,-2,0.23
11992,-2,0.22
11997,-2,0.22
12002,-2,0.21
12006,-2,0.19
12011,-2,0.18
12015,-2,0.16
12020,-2,0.14
12024,-2,0.11
12029,-2,0.09
12035,-1.85,0.06
12039,-1.51,0.04
12044,-1.19,0.01
12048,-0.9,-0.01
12053,-0.72,-0.03
12058,-0.41,-0.04
12063,-0.17,-0.05
12068,-0.05,-0.07
12072,-0.09,-0.08
12078,0.03,-0.09
12083,0.24,-0.1
12087,0.57,-0.11
12092,0.66,-0.13
12096,0.77,-0.14
12101,0.91,-0.15
12106,1.1,-0.15
12110,1.24,-0.16
12115,1.32,-0.16
12120,1.35,-0.16
12125,1.42,-0.16
12129,1.56,-0.15
12134,1.65,-0.15
12139,1.75,-0.14
12143,1.82,-0.13
12148,1.91,-0.12
12152,1.89,-0.12
12157,1.89,-0.11
12162,1.84,-0.1
12167,1.79,-0.1
12172,1.68,-0.1
12176,1.57,-0.11
12181,1.5,-0.11
12185,1.52,-0.12
12190,1.64,-0.12
12194,1.91,-0.12
12199,2,-0.12
12205,2,-0.12
12209,2,-0.12
12214,2,-0.12
12218,2,-0.12
12223,2,-0.12
12227,2,-0.12
12232,2,-0.12
12237,2,-0.12
12241,2,-0.12
12247,2,-0.11
12251,2,-0.1
12256,2,-0.09
12260,2,-0.09
12265,1.75,-0.08
12270,1.58,-0.08
12274,1.14,-0.08
12279,0.99,-0.07
12283,0.97,-0.07
12289,1.02,-0.06
12293,0.88,-0.06
12298,0.72,-0.05
12303,0.25,-0.05
12307,-0.25,-0.05
12312,-0.65,-0.06
12317,-0.99,-0.06
12322,-1.74,-0.07
12326,-2,-0.08
12332,-2,-0.09
12337,-2,-0.09
12342,-2,-0.09
12347,-1.91,-0.1
12352,-2,-0.1
12356,-2,-0.1
12361,-1.99,-0.1
12366,-1.97,-0.1
12371,-2,-0.11
12377,-2,-0.11
12381,-2,-0.11
12386,-2,-0.11
12391,-2,-0.11
12396,-2,-0.11
12401,-2,-0.12
12406,-2,-0.12
12410,-2,-0.13
12416,-2,-0.13
12421,-1.88,-0.13
12426,-1.72,-0.13
12431,-1.62,-0.13
12436,-1.6,-0.12
12440,-1.64,-0.12
12445,-1.76,-0.12
12450,-1.89,-0.12
12455,-2,-0.12
12461,-2,-0.12
12465,-2,-0.12
12470,-2,-0.12
12475,-2,-0.12
12480,-2,-0.12
12485,-2,-0.12
12490,-2,-0.12
12494,-2,-0.12
12499,-2,-0.12
12505,-2,-0.12
12510,-2,-0.12
12515,-2,-0.12
12520,-2,-0.12
12524,-2,-0.13
12529,-1.97,-0.14
12534,-1.57,-0.15
12539,-1.23,-0.16
12545,-1.15,-0.17
12550,-0.99,-0.18
12554,-0.87,-0.19
12559,-0.65,-0.19
12564,-0.34,-0.2
12569,0.03,-0.2
12573,0.31,-0.21
12578,0.58,-0.21
12583,0.56,-0.21
12588,0.5,-0.22
12593,0.73,-0.22
12597,1.03,-0.23
12602,1.38,-0.23
12606,1.74,-0.22
12611,1.93,-0.22
12615,2,-0.22
12620,2,-0.21
12625,2,-0.21
12630,2,-0.21
12635,2,-0.21
12639,2,-0.21
12644,2,-0.21
12648,2,-0.2
12653,2,-0.2
12658,1.88,-0.2
12662,1.74,-0.2
12667,1.74,-0.19
12672,1.96,-0.19
12677,2,-0.19
12681,2,-0.19
12686,2,-0.19
12691,2,-0.19
12695,2,-0.19
12700,2,-0.19
12704,2,-0.19
12709,2,-0.19
12713,2,-0.19
12719,1.99,-0.19
12724,1.81,-0.19
12728,1.19,-0.2
12733,1.21,-0.21
12737,0.89,-0.22
12742,0.9,-0.23
12746,0.96,-0.24
12751,0.76,-0.25
12756,0.22,-0.26
12761,0.08,-0.26
12766,-0.16,-0.28
12771,-0.39,-0.29
12775,-0.62,-0.3
12780,-0.74,-0.32
12785,-0.9,-0.33
12790,-0.87,-0.34
12795,-0.86,-0.34
12801,-0.88,-0.34
12805,-1.5,-0.34
12810,-1.77,-0.33
12815,-1.78,-0.33
12820,-1.73,-0.33
12825,-1.75,-0.33
12829,-1.92,-0.33
12834,-2,-0.33
12839,-2,-0.33
12845,-2,-0.33
12850,-2,-0.33
12855,-2,-0.33
12859,-2,-0.33
12864,-2,-0.33
12869,-2,-0.33
12874,-1.93,-0.33
12879,-1.88,-0.32
12884,-1.91,-0.32
12889,-2,-0.32
12894,-2,-0.32
12899,-2,-0.32
12904,-2,-0.32
12909,-2,-0.33
12913,-2,-0.33
12918,-2,-0.34
12923,-2,-0.34
12929,-2,-0.34
12934,-2,-0.34
12939,-2,-0.34
12943,-2,-0.34
12948,-2,-0.34
12953,-2,-0.34
12958,-2,-0.34
12963,-2,-0.34
12968,-1.76,-0.34
12973,-1.43,-0.33
12978,-1.1,-0.33
12983,-0.71,-0.31
12988,-0.41,-0.3
12993,-0.2,-0.28
12997,0,-0.26
13002,0.1,-0.24
13007,0.28,-0.21
13011,0.25,-0.19
13017,0.47,-0.17
13021,0.68,-0.15
13026,0.9,-0.13
13030,1.16,-0.11
13035,1.37,-0.09
13040,1.47,-0.07
13044,1.54,-0.05
13049,1.69,-0.03
13053,1.76,-0.02
13059,1.85,0
13063,2,0.01
13068,2,0.02
13072,2,0.04
13076,2,0.05
13081,2,0.05
13085,2,0.06
13089,2,0.06
13094,2,0.06
13099,2,0.06
13103,2,0.06
13108,2,0.06
13112,2,0.06
13116,2,0.06
13121,2,0.06
13125,2,0.06
13129,2,0.06
13134,2,0.06
13138,2,0.06
13143,2,0.06
13147,2,0.06
13152,2,0.06
13156,2,0.06
13160,2,0.06
13165,2,0.06
13169,1.4,0.06
13173,1.19,0.05
13178,0.87,0.04
13182,0.84,0.03
13187,0.76,0.01
13192,0.34,0
13196,0,-0.02
13201,-0.25,-0.03
13206,-0.38,-0.05
13211,-0.69,-0.07
13216,-0.88,-0.08
13220,-1.07,-0.1
13225,-1.27,-0.12
13231,-1.34,-0.14
13236,-1.75,-0.16
13241,-1.97,-0.18
13245,-2,-0.19
13250,-2,-0.21
13255,-2,-0.22
13260,-2,-0.23
13265,-2,-0.24
13271,-2,-0.25
13275,-2,-0.26
13280,-2,-0.27
13285,-2,-0.27
13290,-2,-0.27
13295,-2,-0.28
13300,-2,-0.28
13304,-2,-0.28
13309,-2,-0.28
13315,-2,-0.28
13320,-2,-0.28
13325,-2,-0.28
13329,-2,-0.28
13334,-2,-0.28
13339,-2,-0.28
13344,-2,-0.28
13349,-2,-0.28
13355,-2,-0.28
13359,-2,-0.28
13364,-2,-0.28
13369,-2,-0.28
13374,-2,-0.28
13379,-2,-0.28
13384,-2,-0.28
13388,-2,-0.28
13393,-2,-0.28
13399,-2,-0.28
13404,-2,-0.28
13409,-1.96,-0.28
13413,-1.63,-0.28
13418,-1.36,-0.27
13423,-0.98,-0.26
13428,-0.67,-0.25
13433,-0.43,-0.23
13438,-0.29,-0.22
13443,-0.16,-0.2
13448,-0.05,-0.19
13453,0.21,-0.17
13458,0.59,-0.16
13462,0.88,-0.15
13467,1.1,-0.13
13471,1.28,-0.12
13476,1.46,-0.11
13480,1.64,-0.09
13486,1.81,-0.08
13491,1.97,-0.06
13495,2,-0.05
13500,2,-0.04
13504,2,-0.03
13509,2,-0.02
13513,2,-0.02
13518,2,-0.01
13523,2,-0.01
13528,2,-0.01
13533,1.88,-0.01
13537,1.79,-0.01
13542,1.72,-0.01
13546,1.74,-0.02
13551,1.73,-0.02
13556,1.7,-0.02
13560,1.7,-0.03
13565,1.69,-0.03
13570,1.68,-0.03
13575,1.71,-0.03
13579,1.86,-0.04
13584,2,-0.04
13589,2,-0.04
13593,2,-0.04
13598,2,-0.04
13602,2,-0.04
13607,2,-0.04
13612,2,-0.04
13617,2,-0.04
13622,1.89,-0.04
13626,1.29,-0.04
13631,1.2,-0.05
13635,1.01,-0.06
13640,1.12,-0.07
13644,1.07,-0.08
13649,1.08,-0.08
13655,0.72,-0.09
13659,0.56,-0.09
13664,0.44,-0.09
13668,0.3,-0.1
13673,0.24,-0.1
13677,0.09,-0.1
13682,-0.13,-0.1
13687,-0.34,-0.1
13692,-0.52,-0.1
13697,-0.73,-0.09
13702,-1.04,-0.09
13707,-1.45,-0.1
13712,-2,-0.1
13717,-2,-0.11
13722,-2,-0.11
13726,-2,-0.11
13731,-2,-0.11
13736,-2,-0.11
13742,-2,-0.11
13747,-2,-0.11
13752,-2,-0.11
13756,-2,-0.11
13761,-2,-0.11
13766,-2,-0.11
13771,-2,-0.11
13776,-2,-0.11
13782,-2,-0.11
13786,-2,-0.11
13791,-2,-0.11
13796,-2,-0.11
13801,-2,-0.11
13806,-2,-0.11
13810,-2,-0.11
13815,-2,-0.11
13820,-2,-0.11
13826,-2,-0.11
13831,-2,-0.11
13836,-2,-0.11
13840,-2,-0.11
13845,-2,-0.11
13850,-2,-0.11
13855,-2,-0.11
13860,-1.97,-0.11
13865,-1.68,-0.1
13870,-1.4,-0.1
13875,-1.08,-0.09
13880,-0.87,-0.08
13885,-0.63,-0.06
13890,-0.56,-0.05
13894,-0.29,-0.03
13899,-0.17,-0.02
13904,0.13,-0.01
13910,0.24,0
13914,0.43,0.01
13919,0.56,0.01
13923,0.67,0.02
13927,0.79,0.03
13932,0.91,0.04
13936,1.01,0.04
13940,1.1,0.04
13944,1.15,0.05
13949,1.3,0.05
13954,1.38,0.04
13958,1.48,0.04
13963,1.52,0.04
13967,1.58,0.04
13971,1.76,0.03
13976,1.81,0.03
13980,1.89,0.03
13984,1.95,0.03
13989,1.89,0.03
13993,1.84,0.03
13998,1.74,0.03
14003,1.59,0.02
14007,1.51,0.02
14011,1.39,0.01
14016,1.34,0.01
14020,1.34,0.01
14024,1.37,0
14028,1.44,0
14033,1.58,0
14039,1.75,0
14043,1.92,0
14048,2,0
14052,2,0.01
14056,2,0.01
14060,2,0.01
14065,2,0.01
14069,2,0.01
14073,2,0.01
14078,2,0.01
14083,2,0.01
14087,2,0.01
14092,2,0.01
14096,1.81,0.01
14100,1.61,0.02
14105,1.45,0.02
14109,1.17,0.02
14113,0.77,0.02
14118,0.78,0.01
14123,0.94,0.02
14127,1.12,0.02
14132,1.12,0.03
14136,0.78,0.03
14140,0.56,0.04
14144,0.25,0.04
14149,-0.04,0.04
14153,-0.26,0.04
14158,-0.49,0.04
14162,-0.64,0.04
14168,-0.9,0.04
14173,-1.06,0.05
14177,-1.38,0.05
14182,-2,0.05
14186,-2,0.05
14191,-2,0.05
14195,-2,0.05
14200,-2,0.05
14205,-2,0.05
14210,-1.94,0.05
14215,-1.94,0.05
14219,-1.92,0.06
14224,-1.92,0.06
14228,-1.87,0.06
14233,-1.77,0.06
14238,-1.8,0.06
14242,-1.89,0.06
14247,-2,0.06
14252,-2,0.06
14257,-2,0.06
14261,-2,0.06
14266,-2,0.06
14271,-2,0.06
14275,-2,0.06
14280,-2,0.06
14284,-2,0.06
14289,-2,0.06
14294,-2,0.06
14299,-2,0.06
14304,-2,0.06
14308,-2,0.06
14313,-2,0.06
14317,-2,0.06
14322,-2,0.06
14326,-2,0.05
14331,-1.93,0.04
14337,-1.45,0.04
14341,-1.61,0.03
14346,-1.61,0.02
14350,-1.58,0.01
14355,-1.54,-0.01
14360,-1.28,-0.02
14365,-1.07,-0.04
14369,-0.91,-0.05
14374,-0.85,-0.06
14380,-0.66,-0.08
14385,-0.46,-0.09
14390,-0.26,-0.1
14394,-0.09,-0.11
14399,-0.02,-0.12
14404,0.08,-0.13
14409,0.25,-0.14
14413,0.27,-0.16
14418,0.33,-0.17
14423,0.49,-0.18
14428,0.61,-0.19
14433,0.84,-0.2
14437,1.11,-0.2
14442,1.31,-0.21
14446,1.53,-0.21
14451,1.68,-0.21
14455,1.65,-0.22
14460,1.79,-0.22
14466,1.87,-0.21
14470,1.96,-0.21
14475,1.97,-0.2
14479,1.93,-0.2
14484,1.81,-0.19
14488,1.67,-0.19
14493,1.65,-0.19
14498,1.56,-0.19
14502,1.5,-0.19
14508,1.43,-0.2
14512,1.35,-0.2
14517,1.3,-0.21
14521,1.33,-0.22
14526,1.38,-0.22
14531,1.5,-0.23
14535,1.71,-0.23
14540,1.87,-0.23
14544,2,-0.23
14550,2,-0.23
14554,2,-0.23
14559,2,-0.23
14564,2,-0.23
14568,2,-0.22
14573,2,-0.22
14577,2,-0.21
14582,2,-0.2
14586,2,-0.19
14592,1.93,-0.18
14597,1.66,-0.17
14601,1.6,-0.17
14606,1.29,-0.16
14610,1.14,-0.16
14615,1,-0.15
14619,0.57,-0.14
14624,0.43,-0.13
14628,0.09,-0.13
14633,0.07,-0.12
14639,0.1,-0.11
14643,0.05,-0.1
14648,-0.08,-0.09
14653,-0.17,-0.07
14657,-0.35,-0.05
14662,-0.43,-0.04
14667,-0.76,-0.02
14672,-1.17,-0.02
14678,-1.49,-0.01
14683,-1.64,-0.01
14687,-1.84,-0.01
14692,-1.76,-0.01
14697,-1.6,0
14702,-1.54,0
14706,-1.51,0
14711,-1.48,0.01
14716,-1.45,0.01
14721,-1.45,0.02
14726,-1.42,0.02
14730,-1.44,0.03
14735,-1.5,0.03
14739,-1.53,0.04
14744,-1.54,0.04
14749,-1.48,0.05
14753,-1.42,0.05
14758,-1.42,0.06
14763,-1.44,0.06
14768,-1.5,0.07
14772,-1.57,0.07
14777,-1.66,0.08
14782,-1.77,0.08
14786,-1.92,0.08
14791,-2,0.08
14795,-2,0.08
14800,-2,0.08
14804,-2,0.08
14810,-2,0.07
14815,-2,0.07
14819,-2,0.07
14824,-2,0.06
14828,-2,0.06
14833,-2,0.05
14837,-2,0.04
14842,-2,0.03
14848,-2,0.02
14852,-2,0.01
14857,-2,-0.01
14861,-2,-0.03
14866,-1.99,-0.05
14871,-1.73,-0.06
14876,-1.39,-0.08
14881,-1.12,-0.09
14886,-0.84,-0.1
14891,-0.64,-0.11
14896,-0.5,-0.12
14901,-0.41,-0.13
14906,-0.38,-0.15
14911,-0.11,-0.16
14916,0.2,-0.17
14920,0.39,-0.18
14925,0.44,-0.19
14929,0.5,-0.2
14935,0.68,-0.22
14939,0.91,-0.22
14944,1.14,-0.23
14949,1.42,-0.24
14953,1.53,-0.24
14958,1.66,-0.24
14962,1.77,-0.24
14967,1.81,-0.24
14971,1.84,-0.24
14977,1.83,-0.24
14982,1.94,-0.23
14986,1.92,-0.22
14991,1.86,-0.22
14995,1.87,-0.21
15000,1.92,-0.21
15004,1.88,-0.2
15009,1.86,-0.2
15014,1.91,-0.2
15019,2,-0.2
15024,2,-0.2
15028,2,-0.2
15033,2,-0.2
15037,2,-0.2
15042,2,-0.2
15047,2,-0.2
15051,2,-0.2
15056,2,-0.2
15060,2,-0.2
15066,2,-0.2
15070,2,-0.2
15075,1.79,-0.2
15080,1.4,-0.2
15084,1.04,-0.2
15089,0.98,-0.2
15093,0.98,-0.19
15098,1.07,-0.19
15102,1.08,-0.18
15108,0.81,-0.17
15113,0.59,-0.16
15117,0.34,-0.16
15122,0.2,-0.16
15126,0.04,-0.16
15131,-0.08,-0.15
15136,-0.18,-0.15
15140,-0.25,-0.15
15145,-0.33,-0.14
15151,-0.38,-0.13
15156,-0.81,-0.12
15161,-1.46,-0.11
15166,-1.72,-0.11
15170,-1.96,-0.12
15175,-2,-0.12
15180,-2,-0.13
15185,-2,-0.13
15191,-2,-0.14
15195,-2,-0.14
15200,-1.98,-0.15
15205,-1.93,-0.15
15210,-1.92,-0.16
15215,-1.93,-0.16
15220,-1.91,-0.17
15224,-1.86,-0.17
15229,-1.82,-0.17
15235,-1.77,-0.18
15240,-1.75,-0.18
15245,-1.7,-0.18
15250,-1.68,-0.18
15254,-1.62,-0.18
15259,-1.54,-0.18
15264,-1.47,-0.18
15269,-1.41,-0.17
15275,-1.37,-0.16
15280,-1.36,-0.16
15284,-1.45,-0.15
15289,-1.63,-0.15
15294,-1.81,-0.15
15299,-2,-0.15
15304,-2,-0.15
15308,-2,-0.15
15313,-2,-0.15
15319,-2,-0.15
15324,-2,-0.15
15329,-2,-0.15
15334,-2,-0.15
15338,-2,-0.15
15343,-2,-0.15
15348,-2,-0.15
15353,-2,-0.15
15358,-2,-0.15
15364,-2,-0.16
15368,-2,-0.18
15373,-1.75,-0.19
15378,-1.4,-0.2
15383,-1.11,-0.2
15388,-0.92,-0.21
15392,-0.66,-0.21
15397,-0.41,-0.22
15403,-0.29,-0.23
15408,-0.14,-0.23
15413,0.27,-0.23
15417,0.46,-0.24
15422,0.65,-0.24
15426,0.69,-0.24
15431,0.81,-0.25
15436,1.04,-0.25
15440,1.37,-0.26
15446,1.54,-0.26
15450,1.86,-0.26
15455,2,-0.26
15459,2,-0.26
15464,2,-0.26
15469,2,-0.25
15473,2,-0.25
15478,2,-0.25
15482,2,-0.25
15488,2,-0.25
15492,2,-0.25
15497,2,-0.25
15502,2,-0.25
15506,2,-0.25
15511,2,-0.25
15515,2,-0.25
15520,2,-0.25
15524,2,-0.25
15529,2,-0.25
15535,2,-0.25
15539,2,-0.25
15544,2,-0.25
15548,2,-0.25
15553,2,-0.25
15557,2,-0.25
15562,1.75,-0.24
15567,1.92,-0.23
15571,1.36,-0.23
15577,1.22,-0.23
15581,0.96,-0.23
15586,0.83,-0.23
15590,0.71,-0.23
15595,0.26,-0.23
15600,-0.07,-0.24
15604,-0.43,-0.24
15609,-0.6,-0.25
15614,-0.84,-0.26
15620,-1.11,-0.27
15625,-1.28,-0.28
15630,-1.42,-0.29
15634,-1.52,-0.3
15639,-1.44,-0.31
15644,-1.47,-0.31
15649,-1.62,-0.31
15654,-1.49,-0.3
15659,-1.32,-0.29
15664,-1.37,-0.29
15669,-1.55,-0.28
15674,-1.65,-0.28
15679,-1.68,-0.28
15684,-1.76,-0.28
15688,-1.9,-0.27
15693,-2,-0.28
15698,-2,-0.28
15704,-2,-0.28
15709,-2,-0.28
15714,-2,-0.28
15718,-2,-0.28
15723,-2,-0.29
15728,-1.99,-0.29
15733,-1.79,-0.29
15738,-1.65,-0.29
15742,-1.62,-0.29
15748,-1.62,-0.29
15753,-1.66,-0.29
15758,-1.73,-0.3
15763,-1.89,-0.3
15768,-2,-0.31
15772,-2,-0.31
15777,-2,-0.31
15782,-2,-0.31
15788,-2,-0.31
15793,-2,-0.31
15798,-2,-0.31
15802,-2,-0.31
15807,-2,-0.31
15812,-2,-0.31
15817,-2,-0.31
15822,-2,-0.31
15826,-2,-0.31
15832,-2,-0.31
15837,-1.96,-0.31
15842,-1.54,-0.31
15847,-0.99,-0.3
15852,-0.77,-0.29
15856,-0.51,-0.27
15861,-0.42,-0.27
15866,-0.3,-0.26
15872,-0.13,-0.25
15877,0.14,-0.24
15881,0.35,-0.23
15886,0.53,-0.23
15890,0.77,-0.22
15895,0.77,-0.21
15900,0.82,-0.21
15904,1,-0.2
15909,1.28,-0.2
15913,1.55,-0.19
15919,1.85,-0.18
15923,1.99,-0.18
15928,2,-0.17
15933,2,-0.17
15937,2,-0.17
15942,2,-0.17
15946,2,-0.17
15951,2,-0.17
15955,2,-0.17
15961,2,-0.17
15966,2,-0.17
15970,2,-0.17
15975,1.95,-0.17
15979,1.94,-0.17
15984,1.99,-0.17
15988,2,-0.17
15993,2,-0.17
15998,2,-0.17
16003,2,-0.17
16008,2,-0.17
16012,2,-0.17
16017,2,-0.17
16021,2,-0.17
16026,2,-0.17
16031,2,-0.17
16035,2,-0.17
16040,2,-0.17
16045,1.52,-0.17
16050,1.39,-0.18
16054,1.12,-0.18
16059,1.01,-0.18
16064,0.63,-0.19
16068,0.48,-0.19
16073,0.15,-0.2
16077,-0.16,-0.2
16082,-0.57,-0.21
16088,-0.9,-0.21
16093,-1.16,-0.22
16098,-1.18,-0.22
16102,-1.17,-0.22
16107,-1.16,-0.22
16112,-1.31,-0.22
16117,-1.36,-0.22
16122,-1.47,-0.22
16126,-1.73,-0.22
16132,-1.87,-0.22
16137,-2,-0.23
16142,-2,-0.23
16147,-2,-0.24
16152,-2,-0.24
16156,-2,-0.25
16161,-2,-0.25
16166,-2,-0.25
16172,-2,-0.25
16177,-2,-0.25
16182,-2,-0.25
16186,-2,-0.25
16191,-2,-0.25
16196,-2,-0.25
16201,-2,-0.25
16206,-2,-0.25
16211,-2,-0.25
16216,-2,-0.26
16221,-2,-0.26
16226,-2,-0.26
16231,-2,-0.27
16236,-2,-0.27
16240,-2,-0.27
16245,-2,-0.27
16250,-2,-0.27
16256,-2,-0.27
16261,-2,-0.27
16266,-2,-0.27
16270,-2,-0.27
16275,-2,-0.27
16280,-2,-0.27
16285,-2,-0.27
16290,-2,-0.27
16295,-2,-0.27
16300,-1.97,-0.27
16305,-1.61,-0.27
16310,-1.19,-0.26
16315,-0.95,-0.25
16320,-0.71,-0.24
16324,-0.51,-0.23
16329,-0.53,-0.22
16334,-0.31,-0.22
16339,0.16,-0.21
16345,0.48,-0.2
16349,0.7,-0.19
16354,0.73,-0.19
16358,0.81,-0.18
16363,1.14,-0.17
16367,1.5,-0.16
16372,1.86,-0.15
16376,2,-0.14
16381,2,-0.13
16387,2,-0.12
16391,2,-0.11
16396,2,-0.1
16400,2,-0.1
16405,2,-0.1
16409,2,-0.1
16414,2,-0.1
16419,2,-0.1
16423,1.99,-0.1
16429,1.91,-0.1
16433,1.87,-0.1
16438,1.87,-0.11
16442,1.91,-0.11
16447,2,-0.11
16452,2,-0.11
16456,2,-0.11
16461,2,-0.11
16465,2,-0.11
16471,2,-0.11
16475,2,-0.11
16480,2,-0.11
16485,1.98,-0.11
16489,1.79,-0.11
16494,1.55,-0.11
16498,1.01,-0.12
16503,0.96,-0.13
16507,0.48,-0.15
16513,0.45,-0.16
16518,0.14,-0.18
16522,0.05,-0.2
16527,-0.08,-0.22
16532,-0.21,-0.23
16536,-0.4,-0.25
16541,-0.66,-0.27
16546,-0.74,-0.28
16551,-0.79,-0.29
16557,-0.84,-0.3
16562,-0.91,-0.31
16566,-1.04,-0.31
16571,-1.16,-0.32
16576,-1.23,-0.32
16581,-1.3,-0.32
16586,-1.43,-0.32
16590,-1.64,-0.33
16595,-1.81,-0.33
16601,-1.92,-0.34
16606,-1.9,-0.34
16611,-1.82,-0.34
16616,-1.72,-0.34
16620,-1.73,-0.34
16625,-1.72,-0.34
16630,-1.73,-0.33
16635,-1.74,-0.33
16641,-1.75,-0.33
16646,-1.8,-0.33
16650,-1.85,-0.32
16655,-1.88,-0.32
16660,-1.92,-0.32
16665,-1.96,-0.32
16670,-1.97,-0.32
16674,-1.97,-0.32
16679,-1.96,-0.32
16685,-1.99,-0.32
16690,-2,-0.32
16695,-2,-0.32
16700,-2,-0.32
16704,-2,-0.32
16709,-2,-0.32
16714,-2,-0.32
16719,-2,-0.32
16724,-2,-0.32
16730,-2,-0.32
16734,-2,-0.32
16739,-2,-0.32
16744,-2,-0.32
16749,-2,-0.32
16754,-2,-0.32
16758,-2,-0.32
16763,-2,-0.32
16769,-2,-0.32
16774,-1.89,-0.32
16779,-1.52,-0.31
16784,-1.1,-0.31
16788,-0.91,-0.3
16793,-0.68,-0.29
16798,-0.62,-0.29
16803,-0.34,-0.29
16808,-0.23,-0.28
16814,0.31,-0.28
16818,0.37,-0.27
16823,0.43,-0.27
16827,0.67,-0.26
16832,0.93,-0.26
16836,1.14,-0.26
16841,1.27,-0.25
16846,1.55,-0.25
16850,1.7,-0.25
16856,1.82,-0.25
16860,1.88,-0.25
16865,1.96,-0.25
16869,2,-0.25
16874,2,-0.25
16879,2,-0.25
16883,2,-0.25
16888,2,-0.25
16892,2,-0.25
16898,1.99,-0.25
16902,1.82,-0.25
16907,1.71,-0.25
16912,1.66,-0.26
16916,1.67,-0.26
16921,1.82,-0.26
16925,1.92,-0.26
16930,2,-0.26
16934,2,-0.26
16940,2,-0.26
16945,2,-0.26
16949,2,-0.26
16954,2,-0.26
16958,2,-0.26
16963,2,-0.26
16967,1.89,-0.26
16972,1.54,-0.26
16977,1.34,-0.26
16982,1.1,-0.26
16987,1.05,-0.26
16991,1.17,-0.26
16996,1.19,-0.25
17000,0.88,-0.24
17005,0.56,-0.24
17010,0.32,-0.23
17014,0.02,-0.23
17019,-0.21,-0.23
17024,-0.33,-0.22
17029,-0.38,-0.22
17034,-0.37,-0.22
17039,-0.32,-0.21
17044,-0.4,-0.21
17049,-0.45,-0.2
17053,-0.49,-0.19
17058,-0.6,-0.19
17063,-0.79,-0.18
17069,-1.06,-0.18
17074,-1.45,-0.18
17079,-2,-0.18
17083,-2,-0.18
17088,-1.96,-0.18
17093,-1.71,-0.18
17098,-1.76,-0.18
17103,-1.82,-0.18
17107,-1.82,-0.18
17113,-1.74,-0.18
17118,-1.61,-0.18
17123,-1.58,-0.18
17128,-1.62,-0.18
17133,-1.69,-0.17
17137,-1.77,-0.17
17142,-1.8,-0.17
17147,-1.75,-0.17
17153,-1.66,-0.17
17158,-1.67,-0.16
17163,-1.72,-0.16
17167,-1.77,-0.16
17172,-1.84,-0.16
17177,-1.93,-0.16
17182,-2,-0.16
17187,-2,-0.16
17191,-2,-0.16
17197,-2,-0.16
17202,-2,-0.16
17207,-2,-0.16
17212,-2,-0.16
17217,-2,-0.16
17221,-2,-0.16
17226,-2,-0.16
17231,-2,-0.16
17236,-2,-0.16
17242,-2,-0.16
17247,-2,-0.16
17251,-2,-0.16
17256,-2,-0.16
17261,-2,-0.16
17266,-1.66,-0.17
17271,-1.41,-0.17
17276,-1.2,-0.18
17281,-1.02,-0.18
17286,-0.86,-0.19
17291,-0.73,-0.19
17296,-0.57,-0.2
17301,-0.45,-0.21
17305,-0.3,-0.22
17310,-0.41,-0.23
17315,0.22,-0.23
17320,0.43,-0.24
17325,0.53,-0.25
17330,0.69,-0.26
17334,0.84,-0.27
17339,1.18,-0.27
17344,1.4,-0.28
17348,1.76,-0.28
17353,2,-0.28
17357,2,-0.28
17362,2,-0.28
17367,2,-0.28
17372,2,-0.28
17377,2,-0.28
17381,2,-0.28
17386,2,-0.28
17390,2,-0.27
17395,2,-0.27
17399,2,-0.27
17404,2,-0.27
17410,2,-0.27
17414,2,-0.27
17419,2,-0.27
17423,2,-0.27
17428,1.93,-0.27
17432,1.75,-0.27
17437,1.17,-0.28
17442,1.19,-0.29
17446,0.81,-0.3
17452,0.76,-0.31
17456,0.56,-0.32
17461,0.57,-0.33
17465,0.47,-0.33
17470,0.55,-0.34
17474,0.18,-0.35
17479,0.08,-0.36
17484,-0.25,-0.37
17488,-0.72,-0.38
17494,-0.94,-0.4
17499,-0.99,-0.41
17504,-1.02,-0.41
17509,-1.11,-0.42
17514,-1.2,-0.43
17518,-1.32,-0.44
17523,-1.39,-0.45
17528,-1.47,-0.46
17533,-1.52,-0.47
17539,-1.51,-0.48
17544,-1.41,-0.49
17548,-1.33,-0.49
17553,-1.3,-0.5
17558,-1.32,-0.5
17563,-1.39,-0.49
17568,-1.45,-0.48
17572,-1.45,-0.48
17577,-1.37,-0.48
17583,-1.29,-0.47
17588,-1.26,-0.47
17593,-1.29,-0.46
17598,-1.33,-0.46
17602,-1.37,-0.45
17607,-1.42,-0.45
17612,-1.5,-0.45
17617,-1.6,-0.45
17623,-1.68,-0.45
17628,-1.73,-0.45
17632,-1.75,-0.45
17637,-1.76,-0.45
17642,-1.75,-0.45
17647,-1.73,-0.45
17652,-1.71,-0.45
17656,-1.7,-0.45
17661,-1.72,-0.45
17667,-1.74,-0.44
17672,-1.75,-0.44
17677,-1.86,-0.44
17682,-2,-0.44
17686,-2,-0.44
17691,-2,-0.44
17696,-2,-0.44
17701,-2,-0.44
17707,-2,-0.44
17712,-2,-0.44
17716,-2,-0.44
17721,-2,-0.44
17726,-2,-0.44
17731,-2,-0.44
17736,-2,-0.44
17740,-2,-0.44
17745,-2,-0.44
17751,-2,-0.44
17756,-2,-0.45
17761,-1.86,-0.46
17766,-1.59,-0.46
17770,-1.28,-0.47
17775,-0.93,-0.47
17780,-0.71,-0.47
17785,-0.61,-0.47
17790,-0.45,-0.47
17796,-0.35,-0.47
17800,0.2,-0.47
17805,0.39,-0.47
17810,0.52,-0.47
17814,0.65,-0.47
17819,0.81,-0.47
17823,1.02,-0.47
17828,1.2,-0.48
17832,1.39,-0.48
17838,1.53,-0.48
17843,1.73,-0.49
17847,2,-0.49
17852,2,-0.49
17856,2,-0.49
17861,2,-0.49
17865,2,-0.49
17870,2,-0.49
17875,2,-0.49
17880,2,-0.49
17885,2,-0.49
17889,2,-0.49
17894,2,-0.49
17898,2,-0.49
17903,2,-0.49
17908,2,-0.49
17912,2,-0.49
17917,2,-0.48
17922,2,-0.48
17927,2,-0.47
17931,2,-0.46
17936,1.62,-0.45
17940,1.58,-0.44
17945,1.6,-0.43
17950,1.43,-0.42
17954,1.19,-0.41
17959,0.95,-0.4
17964,0.9,-0.4
17969,0.56,-0.39
17973,0.3,-0.38
17978,-0.24,-0.37
17983,-0.69,-0.37
17988,-0.97,-0.37
17993,-1.29,-0.37
17997,-1.62,-0.37
18002,-1.91,-0.38
18008,-2,-0.38
18013,-2,-0.39
18018,-2,-0.39
18022,-2,-0.4
18027,-1.86,-0.4
18032,-1.52,-0.41
18037,-1.23,-0.4
18042,-1.15,-0.4
18048,-1.18,-0.4
18052,-1.25,-0.4
18057,-1.28,-0.4
18062,-1.31,-0.4
18067,-1.34,-0.4
18072,-1.45,-0.4
18077,-1.57,-0.4
18081,-1.69,-0.41
18086,-1.83,-0.41
18092,-1.92,-0.41
18097,-2,-0.42
18102,-2,-0.42
18106,-2,-0.43
18111,-2,-0.43
18116,-2,-0.43
18121,-2,-0.43
18126,-1.95,-0.44
18131,-1.93,-0.44
18136,-1.87,-0.44
18141,-1.85,-0.44
18146,-1.89,-0.44
18151,-1.93,-0.45
18156,-2,-0.45
18161,-2,-0.45
18165,-2,-0.45
18170,-2,-0.45
18176,-2,-0.45
18181,-2,-0.45
18186,-2,-0.45
18190,-2,-0.45
18195,-2,-0.45
18200,-2,-0.45
18205,-2,-0.45
18210,-2,-0.45
18215,-2,-0.45
18220,-2,-0.45
18225,-2,-0.45
18230,-1.76,-0.45
18235,-1.5,-0.44
18240,-1.33,-0.44
18245,-1.28,-0.43
18249,-1.26,-0.43
18254,-0.85,-0.42
18259,-0.47,-0.42
18265,0.11,-0.41
18269,0.48,-0.4
18274,0.56,-0.39
18279,0.64,-0.38
18283,0.77,-0.37
18288,0.95,-0.37
18292,1.11,-0.36
18297,1.23,-0.35
18301,1.42,-0.35
18307,1.74,-0.34
18312,1.91,-0.33
18316,2,-0.33
18321,2,-0.32
18325,2,-0.32
18330,2,-0.32
18334,2,-0.32
18339,2,-0.32
18344,2,-0.32
18349,2,-0.32
18354,2,-0.32
18358,2,-0.32
18363,2,-0.32
18367,2,-0.32
18372,2,-0.32
18377,2,-0.32
18381,2,-0.32
18386,2,-0.32
18391,2,-0.32
18396,2,-0.32
18400,2,-0.32
18405,2,-0.32
18410,2,-0.32
18414,1.9,-0.32
18419,1.72,-0.32
18423,1.66,-0.32
18428,1.49,-0.32
18433,1.24,-0.32
18438,1.21,-0.32
18443,1.06,-0.32
18447,0.72,-0.32
18452,0.54,-0.32
18456,0.09,-0.33
18461,-0.17,-0.33
18466,-0.45,-0.32
18470,-0.56,-0.32
18476,-0.66,-0.31
18481,-0.87,-0.3
18486,-1.1,-0.3
18491,-1.32,-0.29
18496,-1.53,-0.29
18500,-1.71,-0.28
18505,-1.86,-0.28
18510,-2,-0.28
18515,-2,-0.29
18521,-2,-0.29
18526,-2,-0.3
18530,-2,-0.31
18535,-2,-0.32
18540,-2,-0.33
18545,-2,-0.33
18550,-2,-0.34
18554,-1.98,-0.35
18560,-1.95,-0.35
18565,-1.94,-0.35
18570,-1.93,-0.35
18575,-2,-0.35
18580,-2,-0.35
18584,-2,-0.35
18589,-2,-0.35
18594,-2,-0.35
18599,-2,-0.35
18605,-2,-0.35
18610,-2,-0.35
18614,-2,-0.35
18619,-2,-0.36
18624,-2,-0.36
18629,-2,-0.36
18634,-2,-0.36
18638,-2,-0.36
18643,-2,-0.36
18649,-2,-0.36
18654,-2,-0.36
18659,-2,-0.36
18664,-1.81,-0.36
18668,-1.63,-0.35
18673,-1.39,-0.35
18678,-1.08,-0.34
18683,-0.84,-0.33
18689,-0.62,-0.31
18694,-0.45,-0.3
18698,-0.33,-0.28
18703,-0.05,-0.26
18708,0.27,-0.24
18713,0.41,-0.22
18717,0.61,-0.2
18722,0.71,-0.18
18726,0.82,-0.15
18732,0.99,-0.13
18736,1.23,-0.11
18741,1.41,-0.09
18746,1.71,-0.08
18750,2,-0.06
18755,2,-0.05
18759,2,-0.03
18764,2,-0.02
18768,2,-0.01
18774,2,0
18779,2,0.01
18783,2,0.01
18787,1.97,0.01
18792,1.95,0.01
18796,1.92,0.01
18800,1.83,0.01
18804,1.71,0.01
18809,1.6,0.01
18813,1.51,0
18818,1.47,0
18823,1.5,-0.01
18828,1.6,-0.01
18832,1.73,-0.02
18837,1.87,-0.02
18841,2,-0.02
18846,2,-0.02
18850,2,-0.02
18855,2,-0.02
18861,2,-0.02
18865,2,-0.02
18870,2,-0.02
18874,2,-0.02
18879,2,-0.02
18883,1.47,-0.02
18888,1.52,-0.03
18893,1.28,-0.03
18897,1.24,-0.04
18903,1.06,-0.04
18907,1.15,-0.05
18912,0.9,-0.05
18916,0.49,-0.06
18921,0.32,-0.07
18926,0.07,-0.07
18930,-0.14,-0.08
18935,-0.44,-0.08
18940,-0.57,-0.09
18946,-0.78,-0.09
18950,-0.94,-0.1
18955,-1.09,-0.1
18960,-1.26,-0.1
18965,-1.39,-0.11
18970,-1.38,-0.11
18975,-1.61,-0.11
18979,-1.9,-0.11
18984,-2,-0.11
18990,-2,-0.11
18995,-2,-0.11
19000,-2,-0.11
19004,-1.84,-0.11
19009,-1.78,-0.11
19014,-1.78,-0.11
19019,-1.75,-0.1
19024,-1.7,-0.1
19030,-1.58,-0.1
19034,-1.54,-0.09
19039,-1.48,-0.09
19044,-1.51,-0.08
19049,-1.51,-0.08
19054,-1.49,-0.07
19059,-1.47,-0.07
19063,-1.46,-0.06
19068,-1.55,-0.06
19074,-1.67,-0.05
19079,-1.81,-0.05
19084,-1.95,-0.05
19088,-2,-0.05
19093,-2,-0.05
19098,-2,-0.05
19103,-2,-0.05
19108,-2,-0.05
19113,-2,-0.05
19118,-2,-0.05
19123,-2,-0.05
19128,-2,-0.05
19133,-2,-0.05
19138,-2,-0.05
19143,-2,-0.05
19147,-2,-0.06
19152,-1.99,-0.06
19158,-1.54,-0.07
19163,-1.39,-0.07
19168,-1.2,-0.08
19173,-0.95,-0.08
19177,-0.53,-0.09
19182,-0.18,-0.09
19187,0.09,-0.09
19192,0.08,-0.09
19196,0.37,-0.1
19202,0.84,-0.09
19206,0.97,-0.09
19211,1.18,-0.09
19215,1.35,-0.09
19220,1.46,-0.09
19225,1.76,-0.09
19229,1.93,-0.09
19234,2,-0.09
19238,2,-0.09
19244,2,-0.09
19248,2,-0.09
19253,2,-0.09
19258,2,-0.09
19262,2,-0.09
19267,2,-0.09
19271,2,-0.09
19276,2,-0.09
19280,1.99,-0.09
19286,2,-0.08
19291,1.98,-0.08
19295,2,-0.07
19300,2,-0.07
19304,2,-0.06
19309,2,-0.06
19313,2,-0.06
19318,1.81,-0.06
19323,1.92,-0.06
19328,1.58,-0.06
19333,1.61,-0.07
19337,1.51,-0.07
19342,1.49,-0.08
19346,1.36,-0.08
19351,1.31,-0.09
19356,1.23,-0.1
19360,1.21,-0.11
19365,1.21,-0.11
19369,0.91,-0.11
19375,0.57,-0.12
19379,0.33,-0.13
19384,0.33,-0.14
19388,0.28,-0.15
19393,0.16,-0.15
19398,-0.06,-0.16
19402,-0.27,-0.17
19407,-0.25,-0.17
19412,-0.32,-0.17
19418,-0.48,-0.17
19423,-0.73,-0.17
19428,-0.92,-0.17
19432,-1.15,-0.18
19437,-1.47,-0.18
19442,-1.93,-0.19
19447,-1.85,-0.19
19452,-1.95,-0.2
19458,-1.84,-0.2
19462,-1.95,-0.2
19467,-1.98,-0.2
19472,-1.9,-0.2
19477,-1.82,-0.2
19482,-1.77,-0.19
19486,-1.72,-0.19
19491,-1.66,-0.19
19496,-1.61,-0.19
19502,-1.58,-0.19
19507,-1.63,-0.19
19512,-1.71,-0.19
19516,-1.79,-0.19
19521,-1.87,-0.2
19526,-1.98,-0.2
19531,-2,-0.21
19536,-2,-0.21
19542,-2,-0.22
19546,-2,-0.22
19551,-2,-0.23
19556,-2,-0.23
19561,-2,-0.23
19566,-2,-0.23
19570,-2,-0.23
19575,-2,-0.23
19580,-2,-0.23
19586,-2,-0.23
19591,-2,-0.23
19596,-2,-0.23
19600,-2,-0.23
19605,-2,-0.23
19610,-2,-0.23
19615,-2,-0.23
19620,-2,-0.23
19625,-1.95,-0.23
19630,-1.73,-0.23
19635,-1.5,-0.22
19640,-1.26,-0.22
19645,-0.87,-0.22
19650,-0.63,-0.21
19655,-0.42,-0.2
19659,-0.69,-0.21
19664,-0.35,-0.21
19670,-0.1,-0.21
19675,0.1,-0.21
19679,0.32,-0.21
19684,0.53,-0.21
19689,0.72,-0.22
19693,0.7,-0.22
19698,0.92,-0.22
19702,0.97,-0.23
19707,1.12,-0.24
19712,1.34,-0.24
19717,1.6,-0.25
19721,1.71,-0.25
19726,1.77,-0.25
19731,1.78,-0.25
19735,1.75,-0.26
19740,1.76,-0.26
19744,1.8,-0.26
19749,1.78,-0.26
19753,1.72,-0.27
19759,1.58,-0.27
19764,1.4,-0.28
19768,1.32,-0.28
19773,1.22,-0.29
19777,1.15,-0.3
19782,1.09,-0.31
19786,1.08,-0.32
19791,1.2,-0.32
19796,1.33,-0.33
19801,1.54,-0.33
19806,1.72,-0.34
19810,1.86,-0.33
19815,1.96,-0.33
19819,2,-0.32
19824,2,-0.32
19829,2,-0.31
19833,2,-0.31
19838,2,-0.3
19843,2,-0.29
19848,2,-0.28
19852,1.8,-0.27
19857,1.31,-0.27
19862,1.14,-0.26
19866,1.3,-0.25
19871,1.08,-0.24
19875,0.89,-0.23
19880,0.53,-0.23
19885,0.45,-0.22
19890,0.32,-0.21
19895,0.44,-0.21
19899,0.04,-0.2
19904,-0.14,-0.2
19909,-0.23,-0.19
19913,-0.39,-0.18
19918,-0.85,-0.18
19923,-1.33,-0.17
19929,-1.7,-0.17
19934,-2,-0.17
19938,-2,-0.17
19943,-2,-0.17
19948,-2,-0.17
19953,-2,-0.17
19958,-2,-0.17
19963,-2,-0.18
19968,-2,-0.18
19973,-2,-0.18
19978,-2,-0.19
19983,-2,-0.19
19988,-2,-0.19
19993,-2,-0.2
19997,-2,-0.2
20002,-2,-0.2
20007,-2,-0.2
20013,-2,-0.2
20018,-1.67,-0.2
20023,-1.34,-0.19
20027,-1.34,-0.18
20032,-1.43,-0.18
20037,-1.4,-0.17
20042,-1.33,-0.16
20047,-1.4,-0.16
20051,-1.54,-0.15
20057,-1.72,-0.15
20062,-1.94,-0.15
20067,-2,-0.15
20072,-2,-0.15
20077,-2,-0.15
20081,-2,-0.15
20086,-2,-0.15
20091,-2,-0.15
20097,-2,-0.15
20102,-2,-0.15
20107,-2,-0.15
20111,-2,-0.15
20116,-2,-0.16
20121,-2,-0.17
20126,-2,-0.18
20131,-1.98,-0.19
20135,-1.67,-0.2
20141,-1.4,-0.21
20146,-1.23,-0.22
20151,-0.92,-0.23
20156,-0.85,-0.24
20161,-0.74,-0.25
20165,-0.61,-0.26
20170,0.17,-0.26
20175,0.18,-0.27
20179,0.72,-0.27
20185,1.31,-0.27
20190,1.24,-0.27
20194,0.88,-0.27
20199,0.91,-0.28
20203,1.13,-0.28
20208,1.32,-0.29
20212,1.49,-0.29
20217,1.65,-0.29
20222,1.8,-0.29
20227,1.91,-0.29
20232,1.9,-0.29
20236,1.82,-0.29
20241,1.77,-0.29
20245,1.84,-0.28
20250,1.93,-0.28
20255,2,-0.27
20259,2,-0.26
20264,2,-0.25
20269,2,-0.24
20274,2,-0.23
20278,2,-0.23
20283,2,-0.22
20288,2,-0.22
20292,2,-0.22
20297,2,-0.22
20301,2,-0.22
20306,2,-0.22
20311,2,-0.22
20316,2,-0.22
20320,2,-0.22
20325,1.28,-0.23
20330,1.36,-0.23
20334,0.96,-0.24
20339,0.37,-0.25
20343,0.52,-0.26
20348,0.63,-0.26
20353,0.05,-0.27
20358,-0.13,-0.28
20363,-0.42,-0.29
20368,-0.53,-0.3
20373,-0.82,-0.31
20377,-1.07,-0.33
20382,-1.37,-0.34
20387,-1.71,-0.36
20392,-1.95,-0.38
20398,-1.78,-0.39
20402,-1.83,-0.4
20407,-2,-0.41
20412,-2,-0.41
20417,-2,-0.41
20422,-2,-0.41
20427,-2,-0.41
20431,-1.74,-0.41
20436,-2,-0.41
20442,-2,-0.41
20447,-1.79,-0.41
20452,-1.53,-0.4
20457,-1.35,-0.39
20461,-1.22,-0.39
20466,-1.23,-0.38
20471,-1.36,-0.37
20476,-1.5,-0.37
20482,-1.65,-0.36
20487,-1.76,-0.36
20491,-1.82,-0.36
20496,-1.84,-0.36
20501,-1.86,-0.36
20506,-1.9,-0.37
20511,-2,-0.37
20515,-2,-0.38
20520,-2,-0.38
20526,-2,-0.39
20531,-2,-0.4
20536,-2,-0.4
20541,-2,-0.4
20545,-2,-0.4
20550,-2,-0.4
20555,-2,-0.4
20560,-2,-0.4
20566,-2,-0.4
20571,-2,-0.4
20575,-2,-0.4
20580,-2,-0.4
20585,-2,-0.4
20590,-2,-0.4
20595,-2,-0.4
20599,-2,-0.4
20604,-1.79,-0.4
20610,-1.43,-0.4
20615,-1.11,-0.39
20620,-0.54,-0.38
20625,-0.94,-0.37
20629,0.06,-0.36
20634,0.36,-0.35
20639,0.72,-0.33
20643,1.38,-0.31
20648,1.42,-0.29
20653,0.98,-0.28
20658,0.94,-0.27
20662,1.22,-0.27
20667,1.41,-0.27
20672,1.5,-0.26
20676,1.57,-0.26
20681,1.85,-0.25
20685,2,-0.24
20690,2,-0.23
20695,2,-0.23
20700,2,-0.22
20705,2,-0.22
20709,2,-0.22
20714,2,-0.22
20718,1.91,-0.22
20723,1.81,-0.22
20727,1.73,-0.22
20732,1.66,-0.22
20738,1.62,-0.23
20742,1.53,-0.23
20747,1.35,-0.24
20751,1.2,-0.25
20756,1.02,-0.26
20760,0.9,-0.27
20765,0.84,-0.28
20770,0.89,-0.29
20774,1.08,-0.3
20780,1.38,-0.3
20784,1.67,-0.31
20789,1.69,-0.31
20793,2,-0.31
20798,2,-0.31
20802,2,-0.31
20807,2,-0.3
20812,1.92,-0.3
20816,1.8,-0.29
20822,1.77,-0.28
20826,1.71,-0.26
20831,1.51,-0.26
20835,1.43,-0.24
20840,1.11,-0.23
20845,0.72,-0.22
20849,0.38,-0.21
20854,0.07,-0.2
20858,-0.7,-0.2
20864,-1.18,-0.19
20869,-1.37,-0.19
20874,-1.56,-0.19
20879,-1.66,-0.19
20883,-1.82,-0.19
20888,-1.98,-0.19
20893,-2,-0.19
20898,-2,-0.19
20903,-2,-0.19
20909,-2,-0.19
20913,-1.98,-0.19
20918,-1.97,-0.19
20923,-1.97,-0.19
20928,-1.91,-0.19
20933,-1.97,-0.19
20938,-2,-0.2
20942,-2,-0.21
20947,-2,-0.21
20953,-2,-0.22
20958,-2,-0.23
20963,-2,-0.23
20967,-2,-0.23
20972,-2,-0.23
20977,-1.95,-0.23
20982,-2,-0.24
20987,-2,-0.24
20993,-2,-0.24
20997,-2,-0.24
21002,-2,-0.24
21007,-2,-0.24
21012,-2,-0.24
21017,-2,-0.24
21022,-2,-0.24
21026,-2,-0.24
21031,-2,-0.24
21037,-2,-0.24
21042,-2,-0.24
21047,-2,-0.24
21051,-2,-0.24
21056,-2,-0.24
21061,-2,-0.24
21066,-2,-0.24
21071,-2,-0.24
21076,-2,-0.24
21081,-2,-0.24
21086,-2,-0.24
21091,-1.87,-0.24
21096,-1.5,-0.25
21101,-1.17,-0.25
21106,-1.11,-0.26
21110,-0.93,-0.27
21115,-0.49,-0.27
21121,-0.11,-0.28
21126,0.37,-0.29
21130,0.58,-0.3
21135,1.08,-0.3
21140,1.18,-0.3
21144,1.26,-0.3
21149,1.39,-0.3
21153,1.88,-0.29
21158,2,-0.29
21163,2,-0.29
21168,2,-0.29
21173,2,-0.29
21177,2,-0.29
21182,2,-0.29
21186,2,-0.29
21191,2,-0.29
21195,2,-0.29
21200,1.95,-0.29
21206,1.75,-0.29
21210,1.49,-0.29
21215,1.35,-0.29
21219,1.2,-0.3
21224,1.1,-0.3
21228,1.08,-0.3
21233,1.13,-0.3
21238,1.2,-0.3
21242,1.24,-0.3
21248,1.27,-0.3
21252,1.33,-0.29
21257,1.47,-0.29
21261,1.63,-0.28
21266,1.86,-0.28
21271,2,-0.28
21275,2,-0.28
21280,2,-0.28
21284,2,-0.28
21289,1.77,-0.28
21294,1.49,-0.29
21299,1.23,-0.29
21304,0.42,-0.31
21308,1.07,-0.31
21313,0.57,-0.32
21317,0.83,-0.33
21322,0.76,-0.33
21326,0.66,-0.33
21331,0.3,-0.33
21337,0.44,-0.33
21341,0.48,-0.32
21346,0.37,-0.3
21350,0,-0.29
21355,-0.5,-0.28
21360,-1,-0.27
21364,-1.26,-0.26
21369,-1.39,-0.26
21374,-1.65,-0.26
21380,-1.87,-0.25
21385,-1.9,-0.25
21390,-2,-0.25
21394,-2,-0.25
21399,-2,-0.25
21404,-2,-0.25
21409,-2,-0.25
21414,-1.95,-0.25
21420,-1.85,-0.25
21424,-1.73,-0.25
21429,-1.69,-0.25
21434,-1.63,-0.24
21439,-1.57,-0.24
21444,-1.47,-0.23
21448,-1.41,-0.23
21453,-1.4,-0.22
21458,-1.47,-0.22
21464,-1.58,-0.21
21469,-1.69,-0.21
21474,-1.71,-0.21
21478,-1.7,-0.2
21483,-1.72,-0.2
21488,-1.7,-0.2
21493,-1.68,-0.19
21498,-1.66,-0.19
21504,-1.62,-0.19
21508,-1.5,-0.18
21513,-1.37,-0.18
21518,-1.2,-0.17
21523,-1.03,-0.16
21528,-0.94,-0.15
21532,-0.87,-0.14
21537,-0.83,-0.13
21542,-0.8,-0.11
21548,-0.8,-0.1
21553,-0.8,-0.09
21558,-0.79,-0.08
21562,-0.75,-0.06
21567,-0.75,-0.05
21572,-0.73,-0.04
21577,-0.76,-0.03
21582,-0.8,-0.03
21587,-0.84,-0.03
21592,-0.86,-0.03
21597,-0.88,-0.03
21602,-0.9,-0.04
21607,-0.92,-0.05
21612,-0.91,-0.07
21616,-0.87,-0.09
21621,-0.83,-0.11
21626,-0.77,-0.13
21632,-0.73,-0.15
21637,-0.67,-0.17
21642,-0.59,-0.2
21646,-0.55,-0.22
21651,-0.56,-0.25
21656,-0.44,-0.27
21661,-0.36,-0.3
21666,-0.3,-0.32
21671,-0.33,-0.34
21676,-0.34,-0.37
21681,-0.41,-0.39
21686,-0.44,-0.42
21691,-0.44,-0.44
21696,-0.46,-0.46
21700,-0.5,-0.48
21705,-0.55,-0.49
21710,-0.61,-0.51
21715,-0.69,-0.53
21721,-0.77,-0.55
21726,-0.83,-0.57
21730,-0.89,-0.59
21735,-0.95,-0.61
21740,-1.01,-0.63
21745,-1.11,-0.66
21750,-1.09,-0.69
21755,-1.11,-0.72
21760,-1.12,-0.75
21765,-1.13,-0.78
21770,-1.13,-0.81
21775,-1.14,-0.84
21780,-1.16,-0.87
21785,-1.19,-0.9
21789,-1.24,-0.92
21794,-1.19,-0.94
21799,-1.15,-0.96
21805,-1.18,-0.98
21810,-1.1,-1
21814,-0.98,-1.01
21819,-0.94,-1.03
21824,-0.9,-1.04
21829,-0.81,-1.06
21834,-0.81,-1.07
21839,-0.9,-1.08
21843,-0.93,-1.09
21849,-0.95,-1.09
21854,-0.96,-1.09
21859,-1.07,-1.09
21864,-1.22,-1.09
21869,-1.25,-1.09
21873,-1.18,-1.08
21878,-1.08,-1.07
21883,-1.06,-1.06
21889,-1.1,-1.05
21894,-1.08,-1.04
21898,-1.07,-1.03
21903,-1.06,-1.03
21908,-1.04,-1.02
21913,-1.07,-1.01
21918,-1.07,-1
21923,-1.06,-1
21927,-1.06,-0.99
21933,-1.05,-0.98
21938,-1.06,-0.98
21943,-1.03,-0.98
21948,-0.99,-0.97
21953,-0.93,-0.97
21957,-0.87,-0.96
21962,-0.84,-0.95
21967,-0.77,-0.94
21972,-0.72,-0.93
21978,-0.7,-0.92
21982,-0.34,-0.91
21987,-0.58,-0.9
21992,-0.53,-0.89
21997,-0.4,-0.87
22002,-0.53,-0.86
22007,-0.72,-0.86
22011,-0.8,-0.85
22017,-0.77,-0.85
