,1.62,1.62
7,1.67,1.67
9,1.58,1.58
11,1.52,1.52
12,1.38,1.38
14,1.24,1.24
15,1.22,1.22
17,1.28,1.28
19,1.25,1.25
22,1.15,1.15
26,1.12,1.12
29,1.11,1.11
33,1.17,1.17
36,1.16,1.16
40,1.14,1.14
44,1.14,1.14
48,1.16,1.16
51,1.19,1.19
55,1.16,1.16
59,1.19,1.19
62,1.23,1.23
66,1.19,1.19
69,1.24,1.24
73,1.27,1.27
76,1.14,1.14
80,1.09,1.09
83,0.91,0.91
88,0.77,0.77
92,0.64,0.64
95,0.59,0.59
99,0.44,0.44
102,0.23,0.23
106,0.05,0.05
110,-0.13,-0.13
114,-0.20,-0.20
118,-0.41,-0.41
123,-0.65,-0.65
128,-0.99,-0.99
132,-0.90,-0.90
137,-0.98,-0.98
141,-1.22,-1.22
145,-1.46,-1.46
150,-1.66,-1.66
154,-1.85,-1.85
158,-1.93,-1.93
163,-1.95,-1.95
167,-1.97,-1.97
172,-2.00,-2.00
177,-1.96,-1.96
181,-1.98,-1.98
185,-2.00,-2.00
189,-2.00,-2.00
194,-2.00,-2.00
198,-2.00,-2.00
202,-2.00,-2.00
207,-2.00,-2.00
211,-2.00,-2.00
216,-2.00,-2.00
221,-2.00,-2.00
225,-2.00,-2.00
229,-2.00,-2.00
234,-2.00,-2.00
238,-2.00,-2.00
242,-2.00,-2.00
247,-2.00,-2.00
251,-1.93,-1.93
256,-1.90,-1.90
261,-1.91,-1.91
265,-1.94,-1.94
269,-1.98,-1.98
274,-1.97,-1.97
278,-2.00,-2.00
282,-2.00,-2.00
286,-2.00,-2.00
291,-1.99,-1.99
295,-1.95,-1.95
300,-1.92,-1.92
305,-1.87,-1.87
309,-1.78,-1.78
313,-1.71,-1.71
318,-1.62,-1.62
322,-1.54,-1.54
326,-1.45,-1.45
331,-1.35,-1.35
335,-1.22,-1.22
339,-1.12,-1.12
345,-0.75,-0.75
349,-0.47,-0.47
353,-0.17,-0.17
358,0.13,0.13
361,0.31,0.31
365,0.52,0.52
369,0.73,0.73
373,0.89,0.89
377,1.13,1.13
380,1.44,1.44
385,1.70,1.70
389,1.92,1.92
393,2.00,2.00
397,2.00,2.00
400,2.00,2.00
404,2.00,2.00
408,2.00,2.00
412,2.00,2.00
416,2.00,2.00
419,2.00,2.00
423,2.00,2.00
428,2.00,2.00
432,2.00,2.00
436,1.97,1.97
440,1.89,1.89
443,1.76,1.76
447,1.65,1.65
451,1.59,1.59
455,1.48,1.48
459,1.42,1.42
462,1.39,1.39
466,1.35,1.35
471,1.32,1.32
475,1.28,1.28
479,1.25,1.25
482,1.21,1.21
486,1.14,1.14
490,1.10,1.10
494,1.08,1.08
498,1.06,1.06
501,1.05,1.05
505,1.05,1.05
509,1.06,1.06
514,1.03,1.03
518,1.00,1.00
521,0.91,0.91
525,0.82,0.82
529,0.78,0.78
533,0.65,0.65
537,0.56,0.56
541,0.46,0.46
544,0.26,0.26
548,0.15,0.15
552,0.02,0.02
557,-0.16,-0.16
561,-0.27,-0.27
565,-0.47,-0.47
570,-0.69,-0.69
574,-0.84,-0.84
578,-1.24,-1.24
583,-1.25,-1.25
587,-1.46,-1.46
591,-1.71,-1.71
596,-1.81,-1.81
601,-1.95,-1.95
605,-2.00,-2.00
610,-2.00,-2.00
614,-2.00,-2.00
618,-2.00,-2.00
622,-2.00,-2.00
627,-2.00,-2.00
631,-1.93,-1.93
635,-1.86,-1.86
641,-1.77,-1.77
645,-1.81,-1.81
649,-1.88,-1.88
654,-2.00,-2.00
658,-2.00,-2.00
662,-2.00,-2.00
667,-2.00,-2.00
671,-2.00,-2.00
675,-2.00,-2.00
680,-2.00,-2.00
685,-2.00,-2.00
689,-2.00,-2.00
694,-2.00,-2.00
698,-1.92,-1.92
702,-1.88,-1.88
707,-1.87,-1.87
711,-1.86,-1.86
715,-1.85,-1.85
719,-1.83,-1.83
724,-1.82,-1.82
729,-1.82,-1.82
733,-1.78,-1.78
738,-1.74,-1.74
742,-1.69,-1.69
746,-1.62,-1.62
751,-1.54,-1.54
755,-1.47,-1.47
759,-1.43,-1.43
764,-1.37,-1.37
769,-1.30,-1.30
773,-1.24,-1.24
778,-1.15,-1.15
782,-1.07,-1.07
786,-0.97,-0.97
791,-0.79,-0.79
795,-0.60,-0.60
799,-0.34,-0.34
803,-0.11,-0.11
808,0.16,0.16
813,0.31,0.31
816,0.42,0.42
820,0.62,0.62
824,0.83,0.83
828,1.12,1.12
832,1.39,1.39
835,1.65,1.65
839,1.87,1.87
843,2.00,2.00
847,1.94,1.94
851,2.00,2.00
856,2.00,2.00
859,2.00,2.00
863,2.00,2.00
867,2.00,2.00
871,2.00,2.00
875,2.00,2.00
878,2.00,2.00
882,2.00,2.00
886,1.91,1.91
890,1.76,1.76
894,1.64,1.64
898,1.50,1.50
902,1.40,1.40
906,1.30,1.30
910,1.23,1.23
914,1.19,1.19
917,1.19,1.19
921,1.18,1.18
925,1.21,1.21
929,1.22,1.22
933,1.22,1.22
936,1.25,1.25
941,1.24,1.24
945,1.27,1.27
949,1.29,1.29
953,1.24,1.24
957,1.15,1.15
960,1.06,1.06
964,0.96,0.96
968,0.91,0.91
972,0.84,0.84
976,0.70,0.70
979,0.64,0.64
984,0.46,0.46
988,0.33,0.33
992,0.23,0.23
996,0.03,0.03
999,-0.12,-0.12
1004,-0.33,-0.33
1008,-0.59,-0.59
1013,-0.77,-0.77
1017,-0.95,-0.95
1022,-1.26,-1.26
1028,-1.27,-1.27
1032,-1.55,-1.55
1037,-1.70,-1.70
1041,-1.83,-1.83
1046,-1.91,-1.91
1050,-1.96,-1.96
1055,-1.95,-1.95
1060,-1.96,-1.96
1064,-1.90,-1.90
1070,-1.96,-1.96
1074,-1.98,-1.98
1079,-2.00,-2.00
1083,-2.00,-2.00
1088,-2.00,-2.00
1093,-2.00,-2.00
1097,-2.00,-2.00
1102,-2.00,-2.00
1106,-2.00,-2.00
1112,-2.00,-2.00
1116,-2.00,-2.00
1121,-2.00,-2.00
1126,-1.94,-1.94
1130,-1.85,-1.85
1135,-1.85,-1.85
1139,-1.78,-1.78
1144,-1.76,-1.76
1148,-1.79,-1.79
1154,-1.79,-1.79
1159,-1.78,-1.78
1163,-1.81,-1.81
1168,-1.82,-1.82
1172,-1.83,-1.83
1177,-1.82,-1.82
1181,-1.80,-1.80
1186,-1.77,-1.77
1191,-1.74,-1.74
1196,-1.69,-1.69
1201,-1.63,-1.63
1205,-1.58,-1.58
1210,-1.51,-1.51
1214,-1.47,-1.47
1219,-1.42,-1.42
1224,-1.33,-1.33
1228,-1.23,-1.23
1233,-1.13,-1.13
1238,-0.91,-0.91
1243,-0.64,-0.64
1247,-0.43,-0.43
1252,-0.11,-0.11
1257,0.21,0.21
1261,0.38,0.38
1265,0.60,0.60
1269,0.78,0.78
1273,1.02,1.02
1277,1.34,1.34
1282,1.58,1.58
1286,1.80,1.80
1290,1.98,1.98
1294,2.00,2.00
1298,2.00,2.00
1302,2.00,2.00
1306,2.00,2.00
1310,2.00,2.00
1314,2.00,2.00
1318,2.00,2.00
1324,2.00,2.00
1328,1.99,1.99
1332,1.95,1.95
1336,1.91,1.91
1340,1.84,1.84
1344,1.72,1.72
1348,1.55,1.55
1352,1.43,1.43
1356,1.24,1.24
1360,1.15,1.15
1364,1.09,1.09
1369,1.05,1.05
1373,1.03,1.03
1377,1.03,1.03
1381,1.01,1.01
1385,1.01,1.01
1390,1.01,1.01
1394,1.02,1.02
1398,1.01,1.01
1402,1.00,1.00
1406,0.99,0.99
1411,0.93,0.93
1415,0.89,0.89
1419,0.78,0.78
1423,0.70,0.70
1427,0.61,0.61
1431,0.46,0.46
1435,0.35,0.35
1439,0.21,0.21
1443,0.02,0.02
1447,-0.15,-0.15
1453,-0.36,-0.36
1458,-0.54,-0.54
1462,-0.80,-0.80
1467,-1.04,-1.04
1471,-1.20,-1.20
1476,-1.50,-1.50
1480,-1.73,-1.73
1485,-1.87,-1.87
1490,-1.95,-1.95
1495,-2.00,-2.00
1500,-2.00,-2.00
1504,-2.00,-2.00
1509,-2.00,-2.00
1513,-2.00,-2.00
1518,-1.97,-1.97
1523,-1.96,-1.96
1527,-1.97,-1.97
1532,-1.96,-1.96
1537,-1.91,-1.91
1542,-2.00,-2.00
1546,-1.76,-1.76
1551,-1.64,-1.64
1556,-1.69,-1.69
1560,-1.67,-1.67
1565,-1.62,-1.62
1569,-1.63,-1.63
1574,-1.77,-1.77
1579,-1.82,-1.82
1584,-2.00,-2.00
1589,-1.91,-1.91
1593,-2.00,-2.00
1598,-2.00,-2.00
1602,-2.00,-2.00
1607,-1.96,-1.96
1611,-1.92,-1.92
1616,-1.88,-1.88
1622,-1.88,-1.88
1626,-1.86,-1.86
1631,-1.86,-1.86
1635,-1.84,-1.84
1640,-1.80,-1.80
1644,-1.74,-1.74
1649,-1.71,-1.71
1654,-1.67,-1.67
1658,-1.66,-1.66
1664,-1.65,-1.65
1668,-1.62,-1.62
1673,-1.62,-1.62
1677,-1.60,-1.60
1682,-1.54,-1.54
1686,-1.42,-1.42
1691,-1.30,-1.30
1696,-1.17,-1.17
1700,-1.00,-1.00
1705,-0.82,-0.82
1710,-0.24,-0.24
1715,0.25,0.25
1719,0.72,0.72
1723,1.02,1.02
1727,1.27,1.27
1731,1.62,1.62
1735,1.87,1.87
1739,2.00,2.00
1743,2.00,2.00
1747,2.00,2.00
1752,2.00,2.00
1757,2.00,2.00
1761,2.00,2.00
1765,2.00,2.00
1769,2.00,2.00
1773,2.00,2.00
1777,2.00,2.00
1781,2.00,2.00
1785,1.79,1.79
1789,1.66,1.66
1794,1.54,1.54
1798,1.42,1.42
1802,1.34,1.34
1806,1.25,1.25
1810,1.12,1.12
1814,1.08,1.08
1818,1.05,1.05
1823,1.03,1.03
1827,1.02,1.02
1831,1.00,1.00
1836,0.96,0.96
1840,0.97,0.97
1844,0.96,0.96
1848,0.98,0.98
1852,0.99,0.99
1856,0.94,0.94
1860,0.89,0.89
1864,0.84,0.84
1868,0.77,0.77
1872,0.66,0.66
1876,0.57,0.57
1881,0.44,0.44
1885,0.27,0.27
1890,0.08,0.08
1894,-0.08,-0.08
1898,-0.25,-0.25
1903,-0.48,-0.48
1907,-0.70,-0.70
1912,-0.87,-0.87
1916,-1.36,-1.36
1922,-1.15,-1.15
1927,-1.43,-1.43
1931,-1.67,-1.67
1936,-1.82,-1.82
1940,-1.96,-1.96
1945,-2.00,-2.00
1949,-2.00,-2.00
1954,-2.00,-2.00
1959,-2.00,-2.00
1964,-2.00,-2.00
1969,-2.00,-2.00
1973,-2.00,-2.00
1978,-2.00,-2.00
1982,-2.00,-2.00
1987,-2.00,-2.00
1992,-2.00,-2.00
1996,-2.00,-2.00
2001,-2.00,-2.00
2006,-2.00,-2.00
2011,-1.94,-1.94
2015,-1.85,-1.85
2020,-1.85,-1.85
2025,-1.83,-1.83
2029,-1.78,-1.78
2034,-1.75,-1.75
2038,-1.73,-1.73
2043,-1.71,-1.71
2048,-1.75,-1.75
2053,-1.80,-1.80
2058,-1.82,-1.82
2062,-1.84,-1.84
2067,-1.85,-1.85
2071,-1.84,-1.84
2076,-1.81,-1.81
2080,-1.77,-1.77
2085,-1.73,-1.73
2091,-1.69,-1.69
2095,-1.64,-1.64
2100,-1.58,-1.58
2104,-1.55,-1.55
2109,-1.47,-1.47
2113,-1.35,-1.35
2118,-1.28,-1.28
2123,-1.02,-1.02
2127,-0.76,-0.76
2132,-0.47,-0.47
2137,-0.04,-0.04
2142,0.36,0.36
2146,0.68,0.68
2150,0.92,0.92
2154,1.29,1.29
2158,1.60,1.60
2162,1.91,1.91
2166,2.00,2.00
2170,2.00,2.00
2174,2.00,2.00
2179,1.83,1.83
2183,2.00,2.00
2188,2.00,2.00
2192,2.00,2.00
2196,1.96,1.96
2200,1.94,1.94
2204,1.83,1.83
2208,1.77,1.77
2212,1.61,1.61
2216,1.59,1.59
2221,1.51,1.51
2225,1.46,1.46
2229,1.36,1.36
2233,1.28,1.28
2237,1.20,1.20
2241,1.19,1.19
2245,1.16,1.16
2249,1.15,1.15
2254,1.16,1.16
2258,1.16,1.16
2263,1.18,1.18
2267,1.20,1.20
2271,1.20,1.20
2275,1.22,1.22
2279,1.21,1.21
2283,1.21,1.21
2287,1.17,1.17
2291,1.15,1.15
2295,1.11,1.11
2299,1.08,1.08
2304,1.00,1.00
2308,0.92,0.92
2312,0.85,0.85
2316,0.74,0.74
2321,0.61,0.61
2325,0.50,0.50
2329,0.34,0.34
2333,0.21,0.21
2337,0.10,0.10
2341,-0.02,-0.02
2345,-0.25,-0.25
2351,-0.50,-0.50
2356,-0.73,-0.73
2360,-1.00,-1.00
2365,-1.18,-1.18
2369,-1.36,-1.36
2374,-1.64,-1.64
2378,-1.90,-1.90
2383,-1.95,-1.95
2388,-2.00,-2.00
2393,-2.00,-2.00
2398,-2.00,-2.00
2402,-2.00,-2.00
2407,-1.96,-1.96
2411,-1.89,-1.89
2416,-1.85,-1.85
2421,-1.88,-1.88
2425,-1.90,-1.90
2430,-1.95,-1.95
2435,-2.00,-2.00
2440,-2.00,-2.00
2444,-2.00,-2.00
2449,-2.00,-2.00
2454,-2.00,-2.00
2458,-2.00,-2.00
2463,-2.00,-2.00
2467,-2.00,-2.00
2472,-2.00,-2.00
2477,-2.00,-2.00
2482,-2.00,-2.00
2486,-2.00,-2.00
2491,-1.97,-1.97
2496,-1.88,-1.88
2500,-1.84,-1.84
2505,-1.79,-1.79
2509,-1.75,-1.75
2514,-1.69,-1.69
2520,-1.61,-1.61
2524,-1.54,-1.54
2529,-1.45,-1.45
2533,-1.36,-1.36
2538,-1.22,-1.22
2542,-1.07,-1.07
2547,-0.76,-0.76
2551,-0.37,-0.37
2556,-0.04,-0.04
2562,0.17,0.17
2566,0.39,0.39
2570,0.72,0.72
2574,0.87,0.87
2578,1.11,1.11
2582,1.39,1.39
2586,1.74,1.74
2590,2.00,2.00
2594,2.00,2.00
2598,2.00,2.00
2603,2.00,2.00
2607,2.00,2.00
2611,2.00,2.00
2615,2.00,2.00
2620,2.00,2.00
2624,2.00,2.00
2628,2.00,2.00
2632,2.00,2.00
2636,1.89,1.89
2640,1.70,1.70
2644,1.53,1.53
2649,1.31,1.31
2653,1.22,1.22
2657,1.14,1.14
2661,1.07,1.07
2665,1.14,1.14
2669,1.14,1.14
2673,1.14,1.14
2677,1.09,1.09
2681,1.08,1.08
2686,1.10,1.10
2691,1.10,1.10
2695,1.06,1.06
2699,0.98,0.98
2703,1.01,1.01
2707,0.93,0.93
2711,0.89,0.89
2715,0.76,0.76
2719,0.63,0.63
2723,0.39,0.39
2727,0.16,0.16
2732,0.17,0.17
2736,-0.08,-0.08
2741,-0.24,-0.24
2745,-0.34,-0.34
2750,-0.37,-0.37
2755,-0.46,-0.46
2759,-0.61,-0.61
2764,-0.99,-0.99
2768,-1.09,-1.09
2774,-1.36,-1.36
2778,-1.65,-1.65
2783,-1.84,-1.84
2788,-1.93,-1.93
2792,-1.75,-1.75
2797,-2.00,-2.00
2801,-2.00,-2.00
2806,-2.00,-2.00
2810,-2.00,-2.00
2816,-2.00,-2.00
2821,-2.00,-2.00
2825,-2.00,-2.00
2830,-2.00,-2.00
2834,-2.00,-2.00
2839,-2.00,-2.00
2843,-2.00,-2.00
2848,-2.00,-2.00
2853,-2.00,-2.00
2857,-1.98,-1.98
2863,-1.97,-1.97
2867,-1.96,-1.96
2872,-1.97,-1.97
2876,-1.99,-1.99
2881,-1.97,-1.97
2885,-2.00,-2.00
2890,-2.00,-2.00
2895,-2.00,-2.00
2899,-2.00,-2.00
2905,-2.00,-2.00
2909,-2.00,-2.00
2914,-1.96,-1.96
2919,-1.86,-1.86
2923,-1.80,-1.80
2928,-1.74,-1.74
2932,-1.67,-1.67
2937,-1.62,-1.62
2941,-1.54,-1.54
2947,-1.50,-1.50
2951,-1.41,-1.41
2956,-1.31,-1.31
2961,-1.19,-1.19
2965,-1.07,-1.07
2970,-0.69,-0.69
2974,-0.32,-0.32
2979,0.10,0.10
2983,0.42,0.42
2988,0.77,0.77
2992,1.33,1.33
2996,1.73,1.73
3000,2.00,2.00
3004,2.00,2.00
3008,2.00,2.00
3012,2.00,2.00
3016,2.00,2.00
3021,2.00,2.00
3025,2.00,2.00
3030,2.00,2.00
3034,2.00,2.00
3038,2.00,2.00
3042,2.00,2.00
3046,2.00,2.00
3050,2.00,2.00
3054,1.98,1.98
3058,1.91,1.91
3062,1.71,1.71
3066,1.64,1.64
3070,1.55,1.55
3075,1.36,1.36
3079,1.30,1.30
3083,1.24,1.24
3088,1.17,1.17
3092,1.03,1.03
3096,1.03,1.03
3100,1.03,1.03
3104,1.04,1.04
3108,1.08,1.08
3112,1.12,1.12
3117,1.18,1.18
3121,1.23,1.23
3125,1.28,1.28
3129,1.26,1.26
3133,1.22,1.22
3137,1.17,1.17
3141,1.10,1.10
3145,1.04,1.04
3149,0.94,0.94
3154,0.84,0.84
3159,0.73,0.73
3163,0.58,0.58
3167,0.35,0.35
3171,0.20,0.20
3175,0.15,0.15
3179,0.06,0.06
3183,-0.00,-0.00
3188,-0.09,-0.09
3192,-0.33,-0.33
3197,-0.55,-0.55
3202,-0.85,-0.85
3207,-1.58,-1.58
3211,-1.12,-1.12
3216,-1.43,-1.43
3221,-1.72,-1.72
3225,-1.80,-1.80
3230,-1.95,-1.95
3234,-1.95,-1.95
3239,-1.99,-1.99
3244,-1.98,-1.98
3249,-2.00,-2.00
3254,-2.00,-2.00
3258,-2.00,-2.00
3263,-2.00,-2.00
3267,-2.00,-2.00
3272,-2.00,-2.00
3276,-2.00,-2.00
3281,-2.00,-2.00
3287,-2.00,-2.00
3291,-2.00,-2.00
3296,-1.86,-1.86
3300,-1.78,-1.78
3305,-1.57,-1.57
3309,-1.46,-1.46
3314,-1.54,-1.54
3319,-1.54,-1.54
3323,-1.53,-1.53
3329,-1.66,-1.66
3333,-1.79,-1.79
3338,-1.88,-1.88
3342,-1.88,-1.88
3347,-1.88,-1.88
3352,-1.83,-1.83
3356,-2.00,-2.00
3361,-2.00,-2.00
3365,-2.00,-2.00
3371,-2.00,-2.00
3375,-2.00,-2.00
3380,-2.00,-2.00
3384,-2.00,-2.00
3389,-2.00,-2.00
3394,-2.00,-2.00
3398,-1.88,-1.88
3403,-1.70,-1.70
3407,-1.57,-1.57
3412,-1.43,-1.43
3417,-1.29,-1.29
3422,-1.15,-1.15
3427,-1.00,-1.00
3431,-0.80,-0.80
3436,-0.58,-0.58
3440,-0.34,-0.34
3445,-0.17,-0.17
3449,0.12,0.12
3454,0.39,0.39
3459,0.81,0.81
3463,1.16,1.16
3467,1.49,1.49
3471,1.85,1.85
3475,2.00,2.00
3479,2.00,2.00
3483,2.00,2.00
3487,2.00,2.00
3491,2.00,2.00
3495,2.00,2.00
3500,2.00,2.00
3504,2.00,2.00
3508,2.00,2.00
3512,2.00,2.00
3516,2.00,2.00
3521,2.00,2.00
3525,2.00,2.00
3529,1.86,1.86
3533,1.72,1.72
3537,1.61,1.61
3542,1.52,1.52
3546,1.43,1.43
3550,1.39,1.39
3554,1.37,1.37
3558,1.37,1.37
3562,1.36,1.36
3566,1.37,1.37
3570,1.32,1.32
3574,1.31,1.31
3578,1.30,1.30
3582,1.27,1.27
3588,1.21,1.21
3592,1.14,1.14
3596,1.05,1.05
3600,0.95,0.95
3604,0.85,0.85
3608,0.76,0.76
3612,0.67,0.67
3616,0.53,0.53
3620,0.43,0.43
3624,0.38,0.38
3629,0.22,0.22
3633,0.16,0.16
3637,0.01,0.01
3641,-0.06,-0.06
3646,-0.29,-0.29
3651,-0.50,-0.50
3655,-1.01,-1.01
3660,-0.91,-0.91
3664,-1.23,-1.23
3670,-1.57,-1.57
3674,-1.88,-1.88
3679,-2.00,-2.00
3683,-2.00,-2.00
3688,-2.00,-2.00
3693,-2.00,-2.00
3697,-2.00,-2.00
3702,-2.00,-2.00
3706,-2.00,-2.00
3712,-2.00,-2.00
3716,-2.00,-2.00
3721,-2.00,-2.00
3726,-2.00,-2.00
3730,-2.00,-2.00
3735,-1.82,-1.82
3739,-1.81,-1.81
3744,-1.84,-1.84
3748,-1.83,-1.83
3753,-1.84,-1.84
3759,-1.89,-1.89
3763,-1.93,-1.93
3768,-1.92,-1.92
3772,-1.87,-1.87
3777,-1.77,-1.77
3781,-1.70,-1.70
3786,-1.65,-1.65
3791,-1.83,-1.83
3795,-1.90,-1.90
3801,-1.98,-1.98
3805,-2.00,-2.00
3810,-2.00,-2.00
3814,-2.00,-2.00
3819,-2.00,-2.00
3824,-2.00,-2.00
3828,-2.00,-2.00
3833,-1.96,-1.96
3837,-1.91,-1.91
3843,-1.86,-1.86
3847,-1.79,-1.79
3852,-1.71,-1.71
3857,-1.59,-1.59
3861,-1.51,-1.51
3866,-1.39,-1.39
3870,-1.27,-1.27
3875,-1.13,-1.13
3879,-0.94,-0.94
3885,-0.60,-0.60
3890,-0.36,-0.36
3894,0.25,0.25
3898,0.67,0.67
3902,1.04,1.04
3906,1.24,1.24
3910,1.93,1.93
3914,2.00,2.00
3919,2.00,2.00
3923,2.00,2.00
3928,2.00,2.00
3932,2.00,2.00
3936,2.00,2.00
3940,2.00,2.00
3944,2.00,2.00
3948,2.00,2.00
3952,2.00,2.00
3956,2.00,2.00
3960,2.00,2.00
3964,2.00,2.00
3969,2.00,2.00
3973,2.00,2.00
3977,2.00,2.00
3981,2.00,2.00
3986,2.00,2.00
3990,2.00,2.00
3994,1.92,1.92
3998,1.75,1.75
4002,1.55,1.55
4006,1.37,1.37
4011,1.32,1.32
4015,1.20,1.20
4019,1.27,1.27
4023,1.27,1.27
4027,1.26,1.26
4031,1.28,1.28
4035,1.25,1.25
4039,1.25,1.25
4043,1.23,1.23
4047,1.23,1.23
4052,1.24,1.24
4057,1.24,1.24
4061,1.29,1.29
4065,1.21,1.21
4069,1.18,1.18
4073,1.11,1.11
4077,1.04,1.04
4081,0.93,0.93
4085,0.77,0.77
4089,0.60,0.60
4093,0.34,0.34
4098,0.14,0.14
4102,-0.23,-0.23
4107,-0.53,-0.53
4111,-0.67,-0.67
4116,-0.97,-0.97
4121,-1.39,-1.39
4125,-1.69,-1.69
4130,-1.85,-1.85
4134,-2.00,-2.00
4140,-2.00,-2.00
4144,-2.00,-2.00
4149,-2.00,-2.00
4154,-2.00,-2.00
4158,-2.00,-2.00
4163,-2.00,-2.00
4167,-2.00,-2.00
4172,-2.00,-2.00
4176,-1.93,-1.93
4182,-1.67,-1.67
4187,-1.48,-1.48
4191,-1.44,-1.44
4196,-1.51,-1.51
4200,-1.73,-1.73
4205,-2.00,-2.00
4209,-2.00,-2.00
4214,-2.00,-2.00
4219,-2.00,-2.00
4224,-2.00,-2.00
4229,-2.00,-2.00
4233,-2.00,-2.00
4238,-1.84,-1.84
4242,-1.72,-1.72
4247,-1.60,-1.60
4252,-1.66,-1.66
4256,-1.90,-1.90
4261,-2.00,-2.00
4265,-2.00,-2.00
4271,-2.00,-2.00
4275,-2.00,-2.00
4280,-1.99,-1.99
4285,-1.96,-1.96
4289,-1.89,-1.89
4294,-1.79,-1.79
4298,-1.73,-1.73
4303,-1.62,-1.62
4307,-1.51,-1.51
4313,-1.40,-1.40
4318,-1.26,-1.26
4322,-1.09,-1.09
4327,-0.97,-0.97
4331,-0.71,-0.71
4336,-0.41,-0.41
4340,-0.13,-0.13
4345,0.04,0.04
4349,0.49,0.49
4354,1.09,1.09
4358,1.28,1.28
4362,1.67,1.67
4366,1.99,1.99
4370,2.00,2.00
4374,2.00,2.00
4378,2.00,2.00
4383,2.00,2.00
4387,2.00,2.00
4391,2.00,2.00
4396,2.00,2.00
4400,2.00,2.00
4404,2.00,2.00
4408,2.00,2.00
4412,1.94,1.94
4416,1.79,1.79
4420,1.61,1.61
4424,1.50,1.50
4428,1.37,1.37
4432,1.26,1.26
4436,1.17,1.17
4441,1.14,1.14
4445,1.12,1.12
4450,1.11,1.11
4454,1.11,1.11
4458,1.10,1.10
4462,1.07,1.07
4466,1.04,1.04
4470,0.98,0.98
4474,0.97,0.97
4478,0.99,0.99
4483,1.04,1.04
4487,1.06,1.06
4491,1.06,1.06
4495,1.08,1.08
4499,1.08,1.08
4503,1.04,1.04
4507,0.96,0.96
4511,0.86,0.86
4516,0.83,0.83
4520,0.76,0.76
4525,0.65,0.65
4529,0.52,0.52
4533,0.33,0.33
4537,0.07,0.07
4541,-0.17,-0.17
4545,-0.42,-0.42
4550,-0.72,-0.72
4555,-0.81,-0.81
4559,-1.27,-1.27
4564,-1.57,-1.57
4569,-1.72,-1.72
4574,-1.75,-1.75
4578,-2.00,-2.00
4583,-2.00,-2.00
4588,-2.00,-2.00
4592,-2.00,-2.00
4597,-2.00,-2.00
4601,-2.00,-2.00
4606,-2.00,-2.00
4611,-2.00,-2.00
4616,-2.00,-2.00
4621,-1.90,-1.90
4625,-1.67,-1.67
4630,-1.68,-1.68
4634,-1.72,-1.72
4639,-1.64,-1.64
4643,-1.80,-1.80
4648,-1.79,-1.79
4654,-2.00,-2.00
4658,-2.00,-2.00
4663,-2.00,-2.00
4667,-1.92,-1.92
4672,-1.77,-1.77
4676,-1.68,-1.68
4681,-1.59,-1.59
4686,-1.47,-1.47
4690,-1.40,-1.40
4696,-1.60,-1.60
4700,-1.74,-1.74
4705,-1.86,-1.86
4709,-1.98,-1.98
4714,-2.00,-2.00
4719,-2.00,-2.00
4723,-2.00,-2.00
4728,-2.00,-2.00
4732,-2.00,-2.00
4738,-2.00,-2.00
4742,-2.00,-2.00
4747,-2.00,-2.00
4752,-2.00,-2.00
4756,-2.00,-2.00
4761,-1.90,-1.90
4765,-1.80,-1.80
4770,-1.64,-1.64
4774,-1.48,-1.48
4780,-1.34,-1.34
4785,-1.17,-1.17
4789,-0.93,-0.93
4794,-0.77,-0.77
4798,-0.53,-0.53
4803,-0.31,-0.31
4807,-0.11,-0.11
4812,0.49,0.49
4816,1.07,1.07
4820,1.30,1.30
4825,2.00,2.00
4829,2.00,2.00
4833,2.00,2.00
4837,2.00,2.00
4841,2.00,2.00
4845,2.00,2.00
4850,2.00,2.00
4854,2.00,2.00
4858,2.00,2.00
4862,2.00,2.00
4867,2.00,2.00
4871,2.00,2.00
4875,2.00,2.00
4879,1.79,1.79
4883,1.61,1.61
4887,1.43,1.43
4891,1.27,1.27
4895,1.16,1.16
4899,1.07,1.07
4903,0.99,0.99
4908,0.96,0.96
4912,0.90,0.90
4917,0.84,0.84
4921,0.79,0.79
4925,0.76,0.76
4929,0.74,0.74
4933,0.77,0.77
4937,0.83,0.83
4941,0.90,0.90
4945,0.94,0.94
4950,0.99,0.99
4954,1.05,1.05
4958,1.05,1.05
4962,0.98,0.98
4966,0.91,0.91
4970,0.84,0.84
4974,0.74,0.74
4978,0.65,0.65
4983,0.55,0.55
4987,0.46,0.46
4992,0.32,0.32
4996,0.16,0.16
5000,-0.06,-0.06
5004,-0.32,-0.32
5009,-0.55,-0.55
5013,-0.70,-0.70
5018,-1.08,-1.08
5023,-1.20,-1.20
5027,-1.33,-1.33
5032,-1.69,-1.69
5037,-1.74,-1.74
5042,-1.89,-1.89
5046,-2.00,-2.00
5051,-2.00,-2.00
5056,-2.00,-2.00
5060,-2.00,-2.00
5065,-2.00,-2.00
5069,-2.00,-2.00
5074,-2.00,-2.00
5079,-2.00,-2.00
5084,-1.81,-1.81
5089,-1.42,-1.42
5093,-1.23,-1.23
5098,-1.18,-1.18
5102,-1.21,-1.21
5107,-1.25,-1.25
5111,-1.39,-1.39
5116,-1.53,-1.53
5122,-1.71,-1.71
5126,-1.82,-1.82
5131,-1.91,-1.91
5135,-1.85,-1.85
5140,-1.96,-1.96
5144,-2.00,-2.00
5149,-2.00,-2.00
5154,-2.00,-2.00
5158,-2.00,-2.00
5164,-2.00,-2.00
5168,-2.00,-2.00
5173,-2.00,-2.00
5177,-2.00,-2.00
5182,-2.00,-2.00
5187,-2.00,-2.00
5191,-2.00,-2.00
5196,-2.00,-2.00
5200,-1.96,-1.96
5206,-1.83,-1.83
5210,-1.75,-1.75
5215,-1.67,-1.67
5220,-1.52,-1.52
5224,-1.32,-1.32
5229,-1.10,-1.10
5233,-0.92,-0.92
5238,-0.65,-0.65
5242,-0.43,-0.43
5248,-0.35,-0.35
5253,-0.14,-0.14
5257,0.40,0.40
5261,0.94,0.94
5265,1.20,1.20
5269,1.60,1.60
5273,2.00,2.00
5277,2.00,2.00
5282,2.00,2.00
5286,2.00,2.00
5291,2.00,2.00
5295,2.00,2.00
5299,2.00,2.00
5303,2.00,2.00
5307,2.00,2.00
5311,2.00,2.00
5315,2.00,2.00
5319,2.00,2.00
5323,2.00,2.00
5327,2.00,2.00
5331,1.96,1.96
5336,1.64,1.64
5340,1.34,1.34
5344,1.08,1.08
5349,0.94,0.94
5353,0.87,0.87
5357,0.74,0.74
5361,0.68,0.68
5365,0.68,0.68
5369,0.70,0.70
5373,0.67,0.67
5378,0.67,0.67
5382,0.68,0.68
5386,0.73,0.73
5390,0.76,0.76
5394,0.78,0.78
5398,0.81,0.81
5402,0.82,0.82
5406,0.85,0.85
5410,0.87,0.87
5415,0.87,0.87
5420,0.83,0.83
5424,0.79,0.79
5428,0.74,0.74
5432,0.75,0.75
5436,0.74,0.74
5440,0.66,0.66
5444,0.63,0.63
5448,0.60,0.60
5452,0.52,0.52
5456,0.43,0.43
5460,0.30,0.30
5465,0.10,0.10
5469,-0.06,-0.06
5474,-0.23,-0.23
5478,-0.47,-0.47
5483,-0.69,-0.69
5488,-0.91,-0.91
5492,-1.14,-1.14
5497,-1.11,-1.11
5501,-1.62,-1.62
5507,-1.86,-1.86
5511,-2.00,-2.00
5516,-2.00,-2.00
5521,-2.00,-2.00
5525,-2.00,-2.00
5530,-2.00,-2.00
5534,-2.00,-2.00
5539,-2.00,-2.00
5543,-2.00,-2.00
5549,-2.00,-2.00
5554,-2.00,-2.00
5558,-1.46,-1.46
5563,-1.26,-1.26
5567,-1.27,-1.27
5572,-1.14,-1.14
5576,-1.22,-1.22
5581,-1.43,-1.43
5586,-1.60,-1.60
5591,-1.78,-1.78
5596,-1.96,-1.96
5600,-2.00,-2.00
5605,-2.00,-2.00
5609,-2.00,-2.00
5614,-1.97,-1.97
5619,-2.00,-2.00
5623,-2.00,-2.00
5628,-2.00,-2.00
5633,-2.00,-2.00
5638,-2.00,-2.00
5642,-2.00,-2.00
5647,-2.00,-2.00
5652,-2.00,-2.00
5656,-1.99,-1.99
5661,-1.88,-1.88
5665,-1.80,-1.80
5670,-1.73,-1.73
5675,-1.65,-1.65
5680,-1.54,-1.54
5685,-1.45,-1.45
5689,-1.29,-1.29
5694,-1.21,-1.21
5698,-1.09,-1.09
5703,-0.96,-0.96
5707,-0.86,-0.86
5712,-0.72,-0.72
5718,-0.57,-0.57
5722,-0.36,-0.36
5727,-0.11,-0.11
5731,0.13,0.13
5735,0.36,0.36
5739,0.85,0.85
5743,1.47,1.47
5748,1.72,1.72
5752,2.00,2.00
5756,2.00,2.00
5761,2.00,2.00
5765,2.00,2.00
5769,2.00,2.00
5773,2.00,2.00
5777,2.00,2.00
5781,2.00,2.00
5785,2.00,2.00
5789,2.00,2.00
5793,2.00,2.00
5797,2.00,2.00
5801,1.80,1.80
5806,1.60,1.60
5810,1.39,1.39
5815,1.21,1.21
5819,1.08,1.08
5823,0.98,0.98
5827,0.93,0.93
5831,0.95,0.95
5835,0.95,0.95
5839,0.97,0.97
5843,1.00,1.00
5848,1.00,1.00
5852,0.99,0.99
5856,1.03,1.03
5860,1.05,1.05
5864,1.03,1.03
5868,1.00,1.00
5872,0.95,0.95
5876,0.94,0.94
5881,0.84,0.84
5885,0.75,0.75
5890,0.64,0.64
5894,0.47,0.47
5898,0.34,0.34
5902,0.20,0.20
5906,0.03,0.03
5910,-0.12,-0.12
5915,-0.27,-0.27
5919,-0.50,-0.50
5924,-0.68,-0.68
5928,-0.96,-0.96
5934,-1.24,-1.24
5938,-1.36,-1.36
5943,-1.67,-1.67
5947,-2.00,-2.00
5952,-2.00,-2.00
5957,-2.00,-2.00
5961,-2.00,-2.00
5966,-2.00,-2.00
5970,-2.00,-2.00
5976,-2.00,-2.00
5980,-2.00,-2.00
5985,-2.00,-2.00
5990,-2.00,-2.00
5994,-2.00,-2.00
5999,-1.85,-1.85
6003,-1.74,-1.74
6008,-1.66,-1.66
6012,-1.70,-1.70
6018,-1.66,-1.66
6023,-1.68,-1.68
6027,-1.73,-1.73
6032,-1.78,-1.78
6036,-1.86,-1.86
6041,-1.90,-1.90
6045,-1.88,-1.88
6050,-1.81,-1.81
6055,-1.74,-1.74
6060,-1.80,-1.80
6065,-2.00,-2.00
6069,-2.00,-2.00
6074,-2.00,-2.00
6078,-2.00,-2.00
6083,-2.00,-2.00
6088,-2.00,-2.00
6092,-2.00,-2.00
6097,-2.00,-2.00
6102,-2.00,-2.00
6107,-2.00,-2.00
6111,-1.91,-1.91
6116,-1.73,-1.73
6121,-1.59,-1.59
6125,-1.43,-1.43
6130,-1.25,-1.25
6134,-1.11,-1.11
6139,-0.93,-0.93
6144,-0.78,-0.78
6149,-0.62,-0.62
6154,-0.43,-0.43
6158,-0.21,-0.21
6163,-0.04,-0.04
6167,0.18,0.18
6171,0.31,0.31
6175,0.73,0.73
6180,1.29,1.29
6184,1.49,1.49
6189,1.64,1.64
6193,1.43,1.43
6197,1.63,1.63
6201,2.00,2.00
6205,2.00,2.00
6209,2.00,2.00
6213,2.00,2.00
6217,2.00,2.00
6221,2.00,2.00
6225,2.00,2.00
6230,2.00,2.00
6234,2.00,2.00
6238,2.00,2.00
6242,2.00,2.00
6246,1.88,1.88
6251,1.74,1.74
6255,1.60,1.60
6259,1.44,1.44
6263,1.35,1.35
6267,1.20,1.20
6272,1.16,1.16
6276,1.13,1.13
6280,1.12,1.12
6284,1.10,1.10
6288,1.08,1.08
6292,1.07,1.07
6296,1.06,1.06
6300,1.04,1.04
6304,1.03,1.03
6308,1.02,1.02
6313,1.02,1.02
6318,1.04,1.04
6322,1.05,1.05
6326,1.05,1.05
6330,1.04,1.04
6334,1.01,1.01
6338,0.98,0.98
6342,0.93,0.93
6346,0.89,0.89
6350,0.84,0.84
6354,0.74,0.74
6359,0.64,0.64
6363,0.53,0.53
6367,0.42,0.42
6371,0.29,0.29
6375,0.18,0.18
6380,0.07,0.07
6384,-0.08,-0.08
6388,-0.29,-0.29
6393,-0.45,-0.45
6397,-0.62,-0.62
6403,-0.88,-0.88
6407,-1.24,-1.24
6412,-1.16,-1.16
6417,-1.56,-1.56
6421,-2.00,-2.00
6426,-2.00,-2.00
6430,-2.00,-2.00
6435,-2.00,-2.00
6439,-2.00,-2.00
6445,-2.00,-2.00
6450,-2.00,-2.00
6454,-2.00,-2.00
6459,-2.00,-2.00
6463,-2.00,-2.00
6468,-2.00,-2.00
6472,-2.00,-2.00
6477,-2.00,-2.00
6482,-1.87,-1.87
6487,-1.84,-1.84
6492,-1.75,-1.75
6496,-1.66,-1.66
6501,-1.64,-1.64
6505,-1.59,-1.59
6510,-1.60,-1.60
6515,-1.60,-1.60
6519,-1.66,-1.66
6524,-1.71,-1.71
6529,-1.81,-1.81
6534,-1.98,-1.98
6538,-2.00,-2.00
6543,-2.00,-2.00
6548,-2.00,-2.00
6552,-2.00,-2.00
6557,-2.00,-2.00
6561,-2.00,-2.00
6566,-2.00,-2.00
6571,-2.00,-2.00
6576,-2.00,-2.00
6581,-2.00,-2.00
6585,-1.91,-1.91
6590,-1.79,-1.79
6594,-1.67,-1.67
6599,-1.54,-1.54
6603,-1.42,-1.42
6608,-1.25,-1.25
6614,-1.10,-1.10
6618,-0.99,-0.99
6623,-0.86,-0.86
6627,-0.77,-0.77
6632,-0.62,-0.62
6636,-0.51,-0.51
6641,-0.31,-0.31
6646,0.04,0.04
6650,0.54,0.54
6654,0.79,0.79
6659,0.98,0.98
6663,1.10,1.10
6667,1.37,1.37
6671,1.69,1.69
6675,1.99,1.99
6679,2.00,2.00
6683,2.00,2.00
6687,2.00,2.00
6691,2.00,2.00
6695,2.00,2.00
6700,2.00,2.00
6704,2.00,2.00
6708,2.00,2.00
6713,2.00,2.00
6717,1.88,1.88
6721,1.72,1.72
6725,1.60,1.60
6729,1.47,1.47
6733,1.41,1.41
6737,1.35,1.35
6742,1.31,1.31
6746,1.28,1.28
6750,1.25,1.25
6754,1.20,1.20
6758,1.16,1.16
6762,1.12,1.12
6766,1.08,1.08
6770,1.08,1.08
6774,1.05,1.05
6779,1.06,1.06
6784,1.06,1.06
6788,1.06,1.06
6792,1.04,1.04
6796,1.02,1.02
6800,1.01,1.01
6804,0.95,0.95
6808,0.89,0.89
6812,0.81,0.81
6816,0.72,0.72
6820,0.64,0.64
6824,0.53,0.53
6829,0.45,0.45
6833,0.30,0.30
6837,0.20,0.20
6841,0.12,0.12
6846,-0.03,-0.03
6850,-0.21,-0.21
6855,-0.38,-0.38
6859,-0.71,-0.71
6864,-0.88,-0.88
6868,-1.16,-1.16
6874,-1.42,-1.42
6878,-1.82,-1.82
6883,-1.93,-1.93
6888,-2.00,-2.00
6892,-2.00,-2.00
6897,-2.00,-2.00
6901,-2.00,-2.00
6906,-2.00,-2.00
6910,-2.00,-2.00
6916,-2.00,-2.00
6921,-2.00,-2.00
6925,-2.00,-2.00
6930,-2.00,-2.00
6934,-2.00,-2.00
6939,-2.00,-2.00
6943,-1.92,-1.92
6948,-1.77,-1.77
6953,-1.72,-1.72
6958,-1.71,-1.71
6963,-1.70,-1.70
6967,-1.75,-1.75
6972,-1.80,-1.80
6976,-1.87,-1.87
6981,-1.89,-1.89
6986,-1.89,-1.89
6990,-1.92,-1.92
6995,-1.97,-1.97
7000,-1.99,-1.99
7005,-1.99,-1.99
7009,-2.00,-2.00
7014,-2.00,-2.00
7019,-2.00,-2.00
7023,-2.00,-2.00
7028,-1.98,-1.98
7032,-1.93,-1.93
7037,-1.84,-1.84
7042,-1.73,-1.73
7047,-1.65,-1.65
7052,-1.53,-1.53
7056,-1.43,-1.43
7061,-1.34,-1.34
7065,-1.23,-1.23
7070,-1.09,-1.09
7074,-0.98,-0.98
7079,-0.81,-0.81
7085,-0.58,-0.58
7089,-0.39,-0.39
7094,-0.01,-0.01
7098,0.49,0.49
7102,0.97,0.97
7106,1.19,1.19
7110,1.53,1.53
7115,1.88,1.88
7119,2.00,2.00
7123,2.00,2.00
7128,2.00,2.00
7132,2.00,2.00
7136,2.00,2.00
7140,2.00,2.00
7144,2.00,2.00
7148,2.00,2.00
7152,2.00,2.00
7156,2.00,2.00
7160,2.00,2.00
7164,2.00,2.00
7169,2.00,2.00
7173,1.88,1.88
7177,1.79,1.79
7182,1.74,1.74
7186,1.57,1.57
7190,1.44,1.44
7194,1.35,1.35
7198,1.29,1.29
7202,1.23,1.23
7206,1.21,1.21
7211,1.16,1.16
7215,1.14,1.14
7219,1.12,1.12
7223,1.15,1.15
7227,1.11,1.11
7231,1.08,1.08
7235,1.06,1.06
7239,1.00,1.00
7243,0.93,0.93
7248,0.86,0.86
7252,0.76,0.76
7257,0.69,0.69
7261,0.65,0.65
7265,0.59,0.59
7269,0.50,0.50
7273,0.36,0.36
7277,0.16,0.16
7281,-0.03,-0.03
7286,-0.26,-0.26
7290,-0.54,-0.54
7296,-0.82,-0.82
7300,-1.08,-1.08
7305,-1.35,-1.35
7309,-1.39,-1.39
7314,-1.79,-1.79
7319,-1.84,-1.84
7323,-2.00,-2.00
7328,-2.00,-2.00
7332,-2.00,-2.00
7337,-2.00,-2.00
7342,-2.00,-2.00
7347,-2.00,-2.00
7352,-2.00,-2.00
7356,-2.00,-2.00
7361,-2.00,-2.00
7365,-2.00,-2.00
7370,-2.00,-2.00
7374,-2.00,-2.00
7379,-1.93,-1.93
7385,-2.00,-2.00
7389,-1.99,-1.99
7394,-1.84,-1.84
7398,-1.71,-1.71
7403,-1.68,-1.68
7407,-1.62,-1.62
7412,-1.61,-1.61
7417,-1.63,-1.63
7421,-1.67,-1.67
7427,-1.74,-1.74
7431,-1.82,-1.82
7436,-1.92,-1.92
7440,-1.96,-1.96
7445,-2.00,-2.00
7450,-2.00,-2.00
7454,-2.00,-2.00
7459,-2.00,-2.00
7463,-2.00,-2.00
7469,-2.00,-2.00
7473,-2.00,-2.00
7478,-2.00,-2.00
7483,-1.92,-1.92
7487,-1.82,-1.82
7492,-1.73,-1.73
7496,-1.61,-1.61
7501,-1.51,-1.51
7505,-1.45,-1.45
7511,-1.38,-1.38
7516,-1.29,-1.29
7520,-1.22,-1.22
7525,-1.15,-1.15
7529,-1.00,-1.00
7534,-0.91,-0.91
7538,-0.77,-0.77
7543,-0.52,-0.52
7548,-0.29,-0.29
7553,-0.04,-0.04
7558,0.52,0.52
7562,1.08,1.08
7566,1.41,1.41
7570,1.59,1.59
7574,2.00,2.00
7578,2.00,2.00
7582,2.00,2.00
7586,2.00,2.00
7590,2.00,2.00
7595,2.00,2.00
7599,2.00,2.00
7603,2.00,2.00
7607,2.00,2.00
7612,2.00,2.00
7616,2.00,2.00
7620,1.96,1.96
7624,1.89,1.89
7628,1.64,1.64
7632,1.51,1.51
7636,1.44,1.44
7641,1.34,1.34
7645,1.33,1.33
7649,1.27,1.27
7653,1.27,1.27
7657,1.13,1.13
7661,1.15,1.15
7665,1.11,1.11
7669,1.06,1.06
7673,1.02,1.02
7678,1.01,1.01
7683,0.98,0.98
7687,0.96,0.96
7691,0.99,0.99
7695,0.99,0.99
7699,0.99,0.99
7703,1.00,1.00
7707,0.96,0.96
7711,0.94,0.94
7715,0.91,0.91
7719,0.89,0.89
7724,0.84,0.84
7728,0.77,0.77
7732,0.68,0.68
7736,0.58,0.58
7740,0.46,0.46
7745,0.29,0.29
7749,0.11,0.11
7753,-0.08,-0.08
7757,-0.33,-0.33
7762,-0.56,-0.56
7767,-0.72,-0.72
7772,-0.91,-0.91
7776,-1.27,-1.27
7781,-1.09,-1.09
7786,-1.44,-1.44
7790,-1.59,-1.59
7795,-1.76,-1.76
7799,-1.86,-1.86
7804,-2.00,-2.00
7809,-2.00,-2.00
7814,-2.00,-2.00
7819,-2.00,-2.00
7823,-2.00,-2.00
7828,-2.00,-2.00
7832,-2.00,-2.00
7837,-2.00,-2.00
7841,-2.00,-2.00
7846,-1.95,-1.95
7852,-1.81,-1.81
7856,-1.77,-1.77
7861,-1.69,-1.69
7865,-1.57,-1.57
7870,-1.61,-1.61
7874,-1.63,-1.63
7879,-1.84,-1.84
7884,-2.00,-2.00
7888,-2.00,-2.00
7894,-2.00,-2.00
7898,-2.00,-2.00
7903,-2.00,-2.00
7907,-2.00,-2.00
7912,-2.00,-2.00
7917,-1.93,-1.93
7921,-2.00,-2.00
7926,-2.00,-2.00
7930,-2.00,-2.00
7936,-2.00,-2.00
7940,-2.00,-2.00
7945,-1.90,-1.90
7950,-1.75,-1.75
7954,-1.64,-1.64
7959,-1.57,-1.57
7963,-1.51,-1.51
7968,-1.43,-1.43
7972,-1.36,-1.36
7977,-1.24,-1.24
7983,-1.08,-1.08
7987,-0.92,-0.92
7992,-0.75,-0.75
7996,-0.55,-0.55
8001,-0.42,-0.42
8005,-0.19,-0.19
8010,0.42,0.42
8014,0.72,0.72
8018,1.01,1.01
8023,1.31,1.31
8027,1.65,1.65
8031,1.91,1.91
8035,2.00,2.00
8039,2.00,2.00
8044,2.00,2.00
8048,2.00,2.00
8052,2.00,2.00
8056,2.00,2.00
8060,2.00,2.00
8065,2.00,2.00
8069,2.00,2.00
8073,2.00,2.00
8077,1.96,1.96
8081,1.80,1.80
8085,1.59,1.59
8089,1.46,1.46
8093,1.35,1.35
8097,1.17,1.17
8101,1.15,1.15
8105,1.16,1.16
8111,1.14,1.14
8115,1.16,1.16
8119,1.18,1.18
8123,1.21,1.21
8127,1.18,1.18
8131,1.21,1.21
8135,1.20,1.20
8139,1.15,1.15
8143,1.14,1.14
8147,1.13,1.13
8152,1.11,1.11
8156,1.10,1.10
8160,1.06,1.06
8164,0.98,0.98
8168,0.90,0.90
8172,0.83,0.83
8177,0.72,0.72
8181,0.63,0.63
8185,0.52,0.52
8189,0.42,0.42
8194,0.34,0.34
8198,0.23,0.23
8202,0.19,0.19
8206,0.02,0.02
8210,-0.24,-0.24
8215,-0.56,-0.56
8219,-0.83,-0.83
8224,-0.93,-0.93
8228,-1.39,-1.39
8233,-1.53,-1.53
8238,-1.75,-1.75
8243,-1.98,-1.98
8248,-2.00,-2.00
8252,-2.00,-2.00
8257,-2.00,-2.00
8261,-2.00,-2.00
8266,-2.00,-2.00
8270,-2.00,-2.00
8275,-2.00,-2.00
8281,-2.00,-2.00
8285,-2.00,-2.00
8290,-2.00,-2.00
8294,-2.00,-2.00
8299,-2.00,-2.00
8303,-1.99,-1.99
8308,-1.83,-1.83
8313,-1.85,-1.85
8317,-1.88,-1.88
8323,-1.88,-1.88
8327,-1.83,-1.83
8332,-1.75,-1.75
8336,-1.73,-1.73
8341,-1.68,-1.68
8346,-1.64,-1.64
8350,-1.68,-1.68
8355,-1.72,-1.72
8359,-1.82,-1.82
8365,-1.92,-1.92
8369,-1.96,-1.96
8374,-1.96,-1.96
8379,-1.94,-1.94
8383,-1.91,-1.91
8388,-1.86,-1.86
8392,-1.82,-1.82
8397,-1.77,-1.77
8401,-1.71,-1.71
8407,-1.61,-1.61
8412,-1.50,-1.50
8416,-1.38,-1.38
8421,-1.23,-1.23
8425,-1.12,-1.12
8430,-1.03,-1.03
8434,-0.75,-0.75
8439,-0.49,-0.49
8444,-0.27,-0.27
8449,0.07,0.07
8453,0.44,0.44
8457,0.88,0.88
8461,1.25,1.25
8465,1.58,1.58
8469,2.00,2.00
8473,2.00,2.00
8478,2.00,2.00
8482,2.00,2.00
8486,2.00,2.00
8491,2.00,2.00
8495,2.00,2.00
8499,2.00,2.00
8503,2.00,2.00
8507,2.00,2.00
8511,2.00,2.00
8515,2.00,2.00
8519,2.00,2.00
8523,2.00,2.00
8527,1.98,1.98
8531,1.86,1.86
8536,1.78,1.78
8540,1.53,1.53
8545,1.31,1.31
8549,1.20,1.20
8553,1.14,1.14
8557,1.14,1.14
8561,1.11,1.11
8565,1.15,1.15
8569,1.22,1.22
8573,1.16,1.16
8578,1.13,1.13
8582,1.14,1.14
8586,1.11,1.11
8590,1.12,1.12
8594,1.11,1.11
8598,1.09,1.09
8602,1.11,1.11
8606,1.14,1.14
8611,1.12,1.12
8615,1.14,1.14
8620,1.06,1.06
8624,0.96,0.96
8628,0.85,0.85
8632,0.71,0.71
8636,0.54,0.54
8640,0.39,0.39
8644,0.22,0.22
8648,0.00,0.00
8652,-0.18,-0.18
8657,-0.39,-0.39
8662,-0.64,-0.64
8667,-0.86,-0.86
8671,-1.54,-1.54
8676,-1.19,-1.19
8681,-1.46,-1.46
8685,-1.77,-1.77
8690,-1.89,-1.89
8694,-2.00,-2.00
8699,-2.00,-2.00
8704,-2.00,-2.00
8709,-2.00,-2.00
8714,-2.00,-2.00
8718,-2.00,-2.00
8723,-2.00,-2.00
8727,-2.00,-2.00
8732,-2.00,-2.00
8736,-2.00,-2.00
8741,-2.00,-2.00
8747,-2.00,-2.00
8751,-1.76,-1.76
8756,-1.55,-1.55
8760,-1.55,-1.55
8765,-1.68,-1.68
8769,-1.66,-1.66
8774,-1.73,-1.73
8779,-1.92,-1.92
8783,-1.93,-1.93
8788,-2.00,-2.00
8793,-2.00,-2.00
8798,-2.00,-2.00
8802,-2.00,-2.00
8807,-2.00,-2.00
8812,-1.89,-1.89
8816,-1.81,-1.81
8821,-1.72,-1.72
8825,-1.84,-1.84
8830,-1.98,-1.98
8835,-2.00,-2.00
8840,-2.00,-2.00
8845,-2.00,-2.00
8849,-2.00,-2.00
8854,-1.87,-1.87
8858,-1.73,-1.73
8863,-1.62,-1.62
8867,-1.51,-1.51
8872,-1.42,-1.42
8878,-1.35,-1.35
8882,-1.22,-1.22
8887,-1.02,-1.02
8891,-0.89,-0.89
8896,-0.75,-0.75
8900,-0.57,-0.57
8905,-0.41,-0.41
8910,-0.21,-0.21
8914,-0.01,-0.01
8920,0.17,0.17
8924,0.56,0.56
8928,0.96,0.96
8932,1.24,1.24
8936,1.53,1.53
8940,1.81,1.81
8944,2.00,2.00
8948,2.00,2.00
8952,2.00,2.00
8956,2.00,2.00
8961,2.00,2.00
8965,2.00,2.00
8969,2.00,2.00
8973,2.00,2.00
8978,2.00,2.00
8982,2.00,2.00
8986,2.00,2.00
8990,2.00,2.00
8994,1.83,1.83
8998,1.56,1.56
9003,1.43,1.43
9007,1.37,1.37
9011,1.32,1.32
9015,1.27,1.27
9019,1.23,1.23
9023,1.23,1.23
9027,1.22,1.22
9031,1.21,1.21
9035,1.16,1.16
9039,1.13,1.13
9044,1.07,1.07
9049,1.06,1.06
9053,1.02,1.02
9057,0.98,0.98
9061,0.92,0.92
9065,0.84,0.84
9069,0.82,0.82
9073,0.83,0.83
9077,0.79,0.79
9081,0.70,0.70
9085,0.62,0.62
9090,0.51,0.51
9094,0.41,0.41
9098,0.29,0.29
9102,0.09,0.09
9106,-0.09,-0.09
9111,-0.28,-0.28
9116,-0.53,-0.53
9120,-0.74,-0.74
9125,-1.08,-1.08
9129,-1.08,-1.08
9135,-1.58,-1.58
9139,-1.72,-1.72
9144,-2.00,-2.00
9149,-2.00,-2.00
9153,-2.00,-2.00
9158,-2.00,-2.00
9162,-2.00,-2.00
9167,-2.00,-2.00
9171,-2.00,-2.00
9177,-2.00,-2.00
9182,-2.00,-2.00
9186,-2.00,-2.00
9191,-2.00,-2.00
9195,-2.00,-2.00
9200,-2.00,-2.00
9204,-2.00,-2.00
9209,-2.00,-2.00
9214,-2.00,-2.00
9219,-2.00,-2.00
9224,-2.00,-2.00
9228,-2.00,-2.00
9233,-2.00,-2.00
9237,-2.00,-2.00
9242,-2.00,-2.00
9247,-2.00,-2.00
9251,-2.00,-2.00
9256,-2.00,-2.00
9261,-2.00,-2.00
9266,-2.00,-2.00
9270,-1.96,-1.96
9275,-1.81,-1.81
9280,-1.66,-1.66
9284,-1.49,-1.49
9289,-1.40,-1.40
9293,-1.30,-1.30
9298,-1.18,-1.18
9303,-1.04,-1.04
9308,-0.85,-0.85
9313,-0.69,-0.69
9317,-0.52,-0.52
9322,-0.27,-0.27
9326,-0.02,-0.02
9331,0.19,0.19
9335,0.47,0.47
9339,1.11,1.11
9344,1.37,1.37
9348,1.67,1.67
9352,1.92,1.92
9356,2.00,2.00
9360,2.00,2.00
9364,2.00,2.00
9368,2.00,2.00
9372,2.00,2.00
9377,2.00,2.00
9381,2.00,2.00
9385,2.00,2.00
9390,2.00,2.00
9394,2.00,2.00
9398,2.00,2.00
9402,2.00,2.00
9406,1.86,1.86
9410,1.71,1.71
9414,1.59,1.59
9418,1.44,1.44
9422,1.34,1.34
9426,1.29,1.29
9431,1.25,1.25
9435,1.22,1.22
9439,1.20,1.20
9444,1.16,1.16
9448,1.14,1.14
9452,1.15,1.15
9456,1.11,1.11
9460,1.09,1.09
9464,1.06,1.06
9468,1.04,1.04
9473,1.04,1.04
9477,1.03,1.03
9481,0.99,0.99
9485,0.91,0.91
9489,0.86,0.86
9493,0.80,0.80
9497,0.72,0.72
9501,0.62,0.62
9505,0.54,0.54
9510,0.47,0.47
9515,0.39,0.39
9519,0.32,0.32
9523,0.17,0.17
9527,0.02,0.02
9531,-0.18,-0.18
9535,-0.42,-0.42
9540,-0.68,-0.68
9545,-1.43,-1.43
9549,-1.03,-1.03
9554,-1.38,-1.38
9559,-1.65,-1.65
9564,-1.76,-1.76
9568,-1.97,-1.97
9573,-2.00,-2.00
9578,-2.00,-2.00
9582,-2.00,-2.00
9587,-2.00,-2.00
9591,-2.00,-2.00
9596,-2.00,-2.00
9601,-2.00,-2.00
9606,-1.92,-1.92
9611,-1.91,-1.91
9615,-1.88,-1.88
9620,-1.91,-1.91
9624,-1.93,-1.93
9629,-1.95,-1.95
9633,-2.00,-2.00
9638,-2.00,-2.00
9644,-2.00,-2.00
9648,-2.00,-2.00
9653,-2.00,-2.00
9657,-2.00,-2.00
9662,-2.00,-2.00
9666,-2.00,-2.00
9671,-2.00,-2.00
9676,-2.00,-2.00
9680,-2.00,-2.00
9686,-2.00,-2.00
9690,-2.00,-2.00
9695,-2.00,-2.00
9699,-2.00,-2.00
9704,-2.00,-2.00
9709,-2.00,-2.00
9713,-2.00,-2.00
9718,-2.00,-2.00
9722,-1.91,-1.91
9728,-1.78,-1.78
9732,-1.63,-1.63
9737,-1.48,-1.48
9742,-1.41,-1.41
9746,-1.33,-1.33
9751,-1.16,-1.16
9755,-0.96,-0.96
9760,-0.78,-0.78
9764,-0.58,-0.58
9769,-0.37,-0.37
9775,-0.18,-0.18
9779,0.04,0.04
9783,0.26,0.26
9787,0.74,0.74
9791,1.04,1.04
9795,1.41,1.41
9799,1.67,1.67
9803,1.91,1.91
9808,2.00,2.00
9812,2.00,2.00
9817,2.00,2.00
9821,2.00,2.00
9825,2.00,2.00
9829,2.00,2.00
9833,2.00,2.00
9837,2.00,2.00
9841,2.00,2.00
9845,2.00,2.00
9849,2.00,2.00
9853,2.00,2.00
9858,1.84,1.84
9862,1.60,1.60
9866,1.36,1.36
9870,1.18,1.18
9875,1.00,1.00
9879,0.90,0.90
9883,0.85,0.85
9887,0.87,0.87
9891,0.88,0.88
9895,0.86,0.86
9900,0.87,0.87
9904,0.87,0.87
9908,0.90,0.90
9912,0.93,0.93
9916,0.97,0.97
9920,0.98,0.98
9924,0.96,0.96
9928,0.91,0.91
9932,0.85,0.85
9936,0.79,0.79
9942,0.69,0.69
9946,0.58,0.58
9950,0.43,0.43
9954,0.31,0.31
9958,0.17,0.17
9962,0.06,0.06
9966,-0.09,-0.09
9970,-0.31,-0.31
9975,-0.49,-0.49
9980,-0.71,-0.71
9985,-0.95,-0.95
9990,-1.18,-1.18
9994,-1.05,-1.05
9999,-1.42,-1.42
10003,-1.70,-1.70
10008,-1.88,-1.88
10013,-2.00,-2.00
10018,-2.00,-2.00
10023,-2.00,-2.00
10029,-2.00,-2.00
10033,-2.00,-2.00
10038,-2.00,-2.00
10043,-2.00,-2.00
10048,-2.00,-2.00
10053,-2.00,-2.00
10058,-2.00,-2.00
10062,-2.00,-2.00
10067,-2.00,-2.00
10073,-2.00,-2.00
10078,-2.00,-2.00
10083,-2.00,-2.00
10087,-1.97,-1.97
10092,-1.91,-1.91
10097,-1.77,-1.77
10102,-1.57,-1.57
10107,-1.47,-1.47
10113,-1.42,-1.42
10117,-1.45,-1.45
10122,-1.56,-1.56
10127,-1.75,-1.75
10132,-1.94,-1.94
10137,-2.00,-2.00
10142,-2.00,-2.00
10146,-2.00,-2.00
10151,-2.00,-2.00
10157,-2.00,-2.00
10162,-1.94,-1.94
10167,-1.81,-1.81
10171,-1.64,-1.64
10176,-1.51,-1.51
10181,-1.35,-1.35
10186,-1.20,-1.20
10191,-1.07,-1.07
10196,-0.91,-0.91
10201,-0.77,-0.77
10206,-0.62,-0.62
10211,-0.41,-0.41
10216,-0.19,-0.19
10221,0.06,0.06
10225,0.57,0.57
10229,1.02,1.02
10234,1.39,1.39
10238,1.71,1.71
10243,1.96,1.96
10248,2.00,2.00
10252,2.00,2.00
10256,2.00,2.00
10261,2.00,2.00
10265,2.00,2.00
10269,2.00,2.00
10274,2.00,2.00
10278,1.83,1.83
10283,1.80,1.80
10287,1.67,1.67
10292,1.53,1.53
10296,1.46,1.46
10300,1.38,1.38
10305,1.28,1.28
10309,1.19,1.19
10313,1.11,1.11
10318,1.04,1.04
10322,0.97,0.97
10327,0.92,0.92
10332,0.89,0.89
10336,0.88,0.88
10340,0.87,0.87
10345,0.91,0.91
10349,0.94,0.94
10353,0.95,0.95
10358,0.94,0.94
10362,0.95,0.95
10366,0.98,0.98
10371,0.96,0.96
10376,0.95,0.95
10380,0.91,0.91
10384,0.83,0.83
10389,0.70,0.70
10393,0.58,0.58
10397,0.39,0.39
10402,0.24,0.24
10406,0.01,0.01
10411,-0.15,-0.15
10416,-0.34,-0.34
10421,-0.53,-0.53
10426,-0.75,-0.75
10431,-0.97,-0.97
10435,-1.00,-1.00
10440,-1.57,-1.57
10445,-1.48,-1.48
10450,-1.66,-1.66
10456,-1.89,-1.89
10461,-1.93,-1.93
10465,-2.00,-2.00
10470,-2.00,-2.00
10475,-2.00,-2.00
10480,-2.00,-2.00
10485,-2.00,-2.00
10490,-1.94,-1.94
10494,-1.84,-1.84
10500,-1.76,-1.76
10505,-1.67,-1.67
10510,-1.69,-1.69
10515,-1.81,-1.81
10519,-1.93,-1.93
10524,-2.00,-2.00
10529,-2.00,-2.00
10534,-2.00,-2.00
10540,-2.00,-2.00
10545,-2.00,-2.00
10549,-2.00,-2.00
10554,-2.00,-2.00
10559,-1.92,-1.92
10564,-1.68,-1.68
10569,-1.62,-1.62
10574,-1.56,-1.56
10578,-1.57,-1.57
10584,-1.62,-1.62
10589,-1.67,-1.67
10594,-1.79,-1.79
10599,-1.84,-1.84
10603,-1.92,-1.92
10608,-1.95,-1.95
10613,-1.95,-1.95
10618,-1.88,-1.88
10624,-1.79,-1.79
10629,-1.68,-1.68
10633,-1.59,-1.59
10638,-1.45,-1.45
10643,-1.35,-1.35
10648,-1.23,-1.23
10653,-1.08,-1.08
10658,-0.89,-0.89
10662,-0.69,-0.69
10668,-0.48,-0.48
10673,-0.23,-0.23
10678,0.18,0.18
10682,0.64,0.64
10686,1.05,1.05
10691,1.30,1.30
10695,1.48,1.48
10699,1.70,1.70
10704,1.85,1.85
10708,2.00,2.00
10713,2.00,2.00
10718,2.00,2.00
10722,2.00,2.00
10726,1.99,1.99
10731,2.00,2.00
10735,2.00,2.00
10739,2.00,2.00
10744,1.97,1.97
10748,1.90,1.90
10753,1.73,1.73
10758,1.61,1.61
10762,1.47,1.47
10766,1.39,1.39
10770,1.34,1.34
10775,1.27,1.27
10779,1.25,1.25
10783,1.23,1.23
10788,1.22,1.22
10792,1.13,1.13
10797,1.06,1.06
10802,0.97,0.97
10806,0.88,0.88
10810,0.83,0.83
10815,0.77,0.77
10819,0.74,0.74
10823,0.69,0.69
10828,0.65,0.65
10832,0.62,0.62
10836,0.58,0.58
10842,0.52,0.52
10846,0.44,0.44
10850,0.36,0.36
10854,0.26,0.26
10859,0.15,0.15
10863,0.02,0.02
10867,-0.17,-0.17
10872,-0.42,-0.42
10877,-0.67,-0.67
10883,-0.96,-0.96
10888,-0.84,-0.84
10893,-1.28,-1.28
10897,-1.71,-1.71
10902,-1.82,-1.82
10907,-1.95,-1.95
10912,-2.00,-2.00
10917,-2.00,-2.00
10921,-2.00,-2.00
10927,-2.00,-2.00
10932,-2.00,-2.00
10937,-2.00,-2.00
10942,-1.93,-1.93
10947,-1.85,-1.85
10951,-1.78,-1.78
10956,-1.70,-1.70
10961,-1.64,-1.64
10967,-1.57,-1.57
10972,-1.52,-1.52
10977,-1.47,-1.47
10981,-1.50,-1.50
10986,-1.54,-1.54
10991,-1.60,-1.60
10996,-1.73,-1.73
11001,-1.85,-1.85
11006,-1.95,-1.95
11011,-2.00,-2.00
11016,-2.00,-2.00
11021,-2.00,-2.00
11026,-2.00,-2.00
11031,-2.00,-2.00
11035,-1.99,-1.99
11040,-1.96,-1.96
11045,-1.95,-1.95
11051,-1.95,-1.95
11056,-1.95,-1.95
11061,-1.97,-1.97
11065,-2.00,-2.00
11070,-2.00,-2.00
11075,-2.00,-2.00
11080,-2.00,-2.00
11085,-2.00,-2.00
11090,-1.91,-1.91
11095,-1.78,-1.78
11100,-1.61,-1.61
11105,-1.41,-1.41
11110,-1.20,-1.20
11115,-0.98,-0.98
11119,-0.75,-0.75
11124,-0.53,-0.53
11129,-0.38,-0.38
11134,-0.17,-0.17
11140,0.45,0.45
11144,0.99,0.99
11148,1.44,1.44
11153,1.86,1.86
11157,2.00,2.00
11161,2.00,2.00
11166,2.00,2.00
11170,2.00,2.00
11174,2.00,2.00
11180,2.00,2.00
11184,2.00,2.00
11188,2.00,2.00
11193,1.93,1.93
11197,1.78,1.78
11201,1.73,1.73
11206,1.69,1.69
11210,1.59,1.59
11214,1.42,1.42
11218,1.21,1.21
11224,1.07,1.07
11228,1.04,1.04
11232,1.00,1.00
11237,1.01,1.01
11241,1.09,1.09
11245,1.15,1.15
11250,1.27,1.27
11254,1.37,1.37
11258,1.44,1.44
11264,1.47,1.47
11268,1.50,1.50
11272,1.48,1.48
11277,1.41,1.41
11281,1.34,1.34
11285,1.28,1.28
11290,1.17,1.17
11294,1.07,1.07
11298,0.97,0.97
11302,0.80,0.80
11308,0.73,0.73
11312,0.58,0.58
11316,0.43,0.43
11321,0.24,0.24
11325,0.09,0.09
11329,-0.08,-0.08
11334,-0.36,-0.36
11339,-0.58,-0.58
11344,-0.81,-0.81
11350,-1.02,-1.02
11354,-1.18,-1.18
11359,-1.30,-1.30
11364,-1.89,-1.89
11369,-1.44,-1.44
11374,-1.77,-1.77
11379,-1.81,-1.81
11383,-2.00,-2.00
11388,-2.00,-2.00
11394,-2.00,-2.00
11399,-2.00,-2.00
11404,-2.00,-2.00
11409,-1.90,-1.90
11413,-1.91,-1.91
11418,-1.90,-1.90
11423,-1.93,-1.93
11428,-1.90,-1.90
11433,-1.87,-1.87
11439,-1.97,-1.97
11443,-2.00,-2.00
11448,-2.00,-2.00
11453,-2.00,-2.00
11458,-2.00,-2.00
11463,-2.00,-2.00
11467,-2.00,-2.00
11472,-2.00,-2.00
11478,-2.00,-2.00
11483,-1.83,-1.83
11488,-1.73,-1.73
11493,-1.84,-1.84
11497,-1.86,-1.86
11502,-1.99,-1.99
11507,-2.00,-2.00
11512,-2.00,-2.00
11517,-2.00,-2.00
11523,-2.00,-2.00
11527,-1.96,-1.96
11532,-1.85,-1.85
11537,-1.81,-1.81
11542,-1.69,-1.69
11547,-1.53,-1.53
11551,-1.38,-1.38
11556,-1.18,-1.18
11561,-1.02,-1.02
11567,-0.89,-0.89
11572,-0.68,-0.68
11577,-0.45,-0.45
11581,-0.19,-0.19
11586,0.09,0.09
11591,0.55,0.55
11595,0.95,0.95
11599,1.28,1.28
11603,1.58,1.58
11609,1.73,1.73
11613,1.92,1.92
11617,1.97,1.97
11622,2.00,2.00
11626,1.76,1.76
11630,2.00,2.00
11635,2.00,2.00
11639,2.00,2.00
11643,1.97,1.97
11649,1.90,1.90
11653,1.67,1.67
11657,1.53,1.53
11662,1.37,1.37
11666,1.29,1.29
11670,1.21,1.21
11675,1.11,1.11
11679,1.12,1.12
11683,1.14,1.14
11688,1.12,1.12
11693,1.11,1.11
11697,1.10,1.10
11701,1.09,1.09
11706,1.07,1.07
11710,1.09,1.09
11714,1.11,1.11
11719,1.13,1.13
11723,1.17,1.17
11727,1.22,1.22
11732,1.24,1.24
11737,1.27,1.27
11741,1.29,1.29
11746,1.29,1.29
11750,1.28,1.28
11754,1.23,1.23
11759,1.09,1.09
11763,0.99,0.99
11767,0.88,0.88
11772,0.77,0.77
11777,0.72,0.72
11781,0.61,0.61
11785,0.53,0.53
11790,0.41,0.41
11794,0.22,0.22
11798,0.03,0.03
11803,-0.23,-0.23
11808,-0.53,-0.53
11812,-0.84,-0.84
11817,-1.13,-1.13
11823,-1.37,-1.37
11828,-1.75,-1.75
11833,-1.67,-1.67
11838,-1.91,-1.91
11842,-2.00,-2.00
11847,-2.00,-2.00
11852,-2.00,-2.00
11857,-2.00,-2.00
11863,-2.00,-2.00
11867,-2.00,-2.00
11872,-2.00,-2.00
11877,-2.00,-2.00
11882,-2.00,-2.00
11887,-2.00,-2.00
11892,-2.00,-2.00
11896,-2.00,-2.00
11901,-2.00,-2.00
11907,-2.00,-2.00
11912,-2.00,-2.00
11917,-2.00,-2.00
11922,-1.97,-1.97
11926,-1.91,-1.91
11931,-1.90,-1.90
11936,-1.96,-1.96
11941,-1.98,-1.98
11947,-1.97,-1.97
11951,-1.95,-1.95
11956,-1.90,-1.90
11961,-1.85,-1.85
11966,-1.80,-1.80
11971,-1.78,-1.78
11976,-1.77,-1.77
11980,-1.75,-1.75
11985,-1.75,-1.75
11991,-1.78,-1.78
11996,-1.80,-1.80
12001,-1.78,-1.78
12006,-1.71,-1.71
12010,-1.63,-1.63
12015,-1.53,-1.53
12020,-1.49,-1.49
12025,-1.42,-1.42
12030,-1.31,-1.31
12035,-1.20,-1.20
12040,-1.09,-1.09
12045,-0.94,-0.94
12050,-0.79,-0.79
12055,-0.65,-0.65
12060,-0.50,-0.50
12064,-0.31,-0.31
12069,-0.12,-0.12
12075,-0.01,-0.01
12080,0.12,0.12
12084,0.32,0.32
12089,0.54,0.54
12093,0.91,0.91
12097,1.22,1.22
12101,1.51,1.51
12106,1.68,1.68
12110,2.00,2.00
12114,2.00,2.00
12120,2.00,2.00
12124,2.00,2.00
12128,2.00,2.00
12133,2.00,2.00
12137,2.00,2.00
12141,2.00,2.00
12146,2.00,2.00
12150,2.00,2.00
12154,2.00,2.00
12160,1.95,1.95
12164,1.78,1.78
12168,1.50,1.50
12173,1.34,1.34
12177,1.17,1.17
12181,1.01,1.01
12185,0.89,0.89
12190,0.69,0.69
12194,0.58,0.58
12198,0.70,0.70
12204,0.68,0.68
12208,0.50,0.50
12212,0.46,0.46
12217,0.37,0.37
12221,0.33,0.33
12225,0.29,0.29
12230,0.20,0.20
12234,0.18,0.18
12238,0.18,0.18
12243,0.17,0.17
12248,0.15,0.15
12252,0.13,0.13
12257,0.10,0.10
12261,0.06,0.06
12265,0.08,0.08
12270,0.07,0.07
12274,0.04,0.04
12278,-0.02,-0.02
12283,-0.10,-0.10
12289,-0.22,-0.22
12294,-0.35,-0.35
12298,-0.50,-0.50
12303,-0.66,-0.66
12308,-0.85,-0.85
12313,-0.87,-0.87
12318,-1.02,-1.02
12323,-1.34,-1.34
12327,-1.49,-1.49
12333,-1.57,-1.57
12338,-1.72,-1.72
12343,-1.82,-1.82
12348,-2.00,-2.00
12352,-2.00,-2.00
12357,-2.00,-2.00
12362,-2.00,-2.00
12367,-2.00,-2.00
12372,-2.00,-2.00
12378,-2.00,-2.00
12382,-2.00,-2.00
12387,-1.81,-1.81
12392,-1.44,-1.44
12397,-1.18,-1.18
12402,-1.03,-1.03
12407,-1.07,-1.07
12411,-1.24,-1.24
12417,-1.42,-1.42
12422,-1.62,-1.62
12427,-1.77,-1.77
12432,-1.91,-1.91
12437,-2.00,-2.00
12441,-2.00,-2.00
12446,-2.00,-2.00
12451,-2.00,-2.00
12456,-1.98,-1.98
12462,-1.92,-1.92
12466,-1.86,-1.86
12471,-1.78,-1.78
12476,-1.73,-1.73
12481,-1.65,-1.65
12486,-1.59,-1.59
12491,-1.52,-1.52
12495,-1.46,-1.46
12500,-1.41,-1.41
12506,-1.34,-1.34
12511,-1.24,-1.24
12516,-1.11,-1.11
12521,-0.94,-0.94
12525,-0.78,-0.78
12530,-0.61,-0.61
12535,-0.42,-0.42
12540,-0.21,-0.21
12546,0.22,0.22
12550,0.56,0.56
12554,0.95,0.95
12559,1.14,1.14
12563,1.36,1.36
12567,1.58,1.58
12572,1.46,1.46
12576,1.81,1.81
12580,2.00,2.00
12584,2.00,2.00
12590,2.00,2.00
12594,2.00,2.00
12598,2.00,2.00
12603,2.00,2.00
12607,2.00,2.00
12611,2.00,2.00
12616,1.91,1.91
12620,1.75,1.75
12624,1.60,1.60
12630,1.51,1.51
12634,1.44,1.44
12638,1.38,1.38
12643,1.32,1.32
12647,1.22,1.22
12651,1.14,1.14
12656,1.08,1.08
12660,1.04,1.04
12664,1.02,1.02
12668,1.03,1.03
12674,1.07,1.07
12678,1.08,1.08
12682,1.12,1.12
12687,1.14,1.14
12691,1.15,1.15
12695,1.15,1.15
12700,1.18,1.18
12704,1.17,1.17
12708,1.12,1.12
12713,1.08,1.08
12718,1.03,1.03
12722,0.95,0.95
12727,0.89,0.89
12731,0.79,0.79
12735,0.69,0.69
12740,0.63,0.63
12744,0.55,0.55
12748,0.47,0.47
12753,0.39,0.39
12758,0.32,0.32
12762,0.24,0.24
12766,0.13,0.13
12771,0.06,0.06
12775,-0.04,-0.04
12780,-0.17,-0.17
12785,-0.30,-0.30
12790,-0.46,-0.46
12794,-0.64,-0.64
12800,-0.70,-0.70
12805,-0.94,-0.94
12810,-1.02,-1.02
12815,-1.29,-1.29
12820,-1.47,-1.47
12824,-1.74,-1.74
12829,-2.00,-2.00
12834,-2.00,-2.00
12839,-2.00,-2.00
12845,-2.00,-2.00
12849,-2.00,-2.00
12854,-2.00,-2.00
12859,-2.00,-2.00
12864,-2.00,-2.00
12869,-2.00,-2.00
12874,-1.48,-1.48
12878,-1.08,-1.08
12883,-1.11,-1.11
12889,-1.08,-1.08
12894,-1.30,-1.30
12899,-1.46,-1.46
12904,-1.67,-1.67
12908,-1.82,-1.82
12913,-1.89,-1.89
12918,-1.98,-1.98
12923,-2.00,-2.00
12929,-1.92,-1.92
12933,-1.93,-1.93
12938,-1.85,-1.85
12943,-1.82,-1.82
12948,-1.80,-1.80
12953,-1.82,-1.82
12958,-1.89,-1.89
12962,-1.92,-1.92
12967,-1.94,-1.94
12973,-1.93,-1.93
12978,-1.96,-1.96
12983,-1.93,-1.93
12988,-1.86,-1.86
12992,-1.77,-1.77
12997,-1.64,-1.64
13002,-1.47,-1.47
13007,-1.29,-1.29
13012,-1.08,-1.08
13017,-0.84,-0.84
13022,-0.62,-0.62
13027,-0.40,-0.40
13032,-0.12,-0.12
13037,0.10,0.10
13041,0.46,0.46
13045,0.81,0.81
13050,1.24,1.24
13054,1.40,1.40
13059,1.73,1.73
13064,1.92,1.92
13068,2.00,2.00
13072,2.00,2.00
13077,2.00,2.00
13081,2.00,2.00
13085,2.00,2.00
13090,2.00,2.00
13094,2.00,2.00
13099,2.00,2.00
13104,2.00,2.00
13108,2.00,2.00
13112,2.00,2.00
13116,2.00,2.00
13121,1.83,1.83
13125,1.69,1.69
13129,1.54,1.54
13134,1.39,1.39
13138,1.29,1.29
13143,1.16,1.16
13148,1.09,1.09
13152,1.00,1.00
13156,0.90,0.90
13161,0.86,0.86
13165,0.83,0.83
13169,0.83,0.83
13174,0.83,0.83
13178,0.83,0.83
13182,0.85,0.85
13188,0.88,0.88
13192,0.90,0.90
13196,0.97,0.97
13200,1.02,1.02
13205,1.05,1.05
13209,1.06,1.06
13213,1.07,1.07
13218,1.02,1.02
13222,0.95,0.95
13227,0.86,0.86
13232,0.77,0.77
13236,0.66,0.66
13240,0.54,0.54
13245,0.45,0.45
13249,0.25,0.25
13253,0.11,0.11
13258,-0.08,-0.08
13262,-0.30,-0.30
13267,-0.46,-0.46
13273,-0.93,-0.93
13278,-0.77,-0.77
13283,-0.98,-0.98
13288,-1.16,-1.16
13292,-1.27,-1.27
13297,-1.37,-1.37
13302,-1.66,-1.66
13307,-1.89,-1.89
13313,-2.00,-2.00
13317,-2.00,-2.00
13322,-2.00,-2.00
13327,-2.00,-2.00
13332,-2.00,-2.00
13337,-2.00,-2.00
13342,-2.00,-2.00
13346,-2.00,-2.00
13351,-2.00,-2.00
13357,-2.00,-2.00
13362,-2.00,-2.00
13367,-1.92,-1.92
13372,-1.74,-1.74
13376,-1.66,-1.66
13381,-1.68,-1.68
13386,-1.72,-1.72
13391,-1.73,-1.73
13396,-1.75,-1.75
13401,-1.69,-1.69
13406,-1.72,-1.72
13411,-1.75,-1.75
13416,-1.78,-1.78
13421,-1.80,-1.80
13426,-1.81,-1.81
13430,-1.81,-1.81
13435,-1.83,-1.83
13441,-1.85,-1.85
13446,-1.78,-1.78
13451,-1.76,-1.76
13456,-1.67,-1.67
13460,-1.56,-1.56
13465,-1.46,-1.46
13470,-1.31,-1.31
13475,-1.15,-1.15
13480,-0.99,-0.99
13486,-0.80,-0.80
13490,-0.62,-0.62
13495,-0.43,-0.43
13500,-0.17,-0.17
13505,0.15,0.15
13509,0.41,0.41
13513,0.67,0.67
13518,1.04,1.04
13522,1.26,1.26
13527,1.46,1.46
13532,1.60,1.60
13536,1.80,1.80
13540,2.00,2.00
13545,2.00,2.00
13549,2.00,2.00
13553,2.00,2.00
13558,2.00,2.00
13562,2.00,2.00
13566,2.00,2.00
13572,2.00,2.00
13576,2.00,2.00
13580,1.96,1.96
13585,1.83,1.83
13589,1.71,1.71
13593,1.53,1.53
13597,1.47,1.47
13602,1.44,1.44
13606,1.37,1.37
13611,1.31,1.31
13616,1.27,1.27
13620,1.25,1.25
13624,1.20,1.20
13629,1.21,1.21
13633,1.19,1.19
13637,1.15,1.15
13642,1.10,1.10
13646,1.08,1.08
13650,1.06,1.06
13656,1.05,1.05
13660,1.03,1.03
13664,0.99,0.99
13669,0.98,0.98
13673,0.96,0.96
13677,0.93,0.93
13681,0.88,0.88
13686,0.78,0.78
13690,0.68,0.68
13694,0.52,0.52
13700,0.35,0.35
13704,0.23,0.23
13708,0.11,0.11
13713,0.01,0.01
13717,-0.17,-0.17
13722,-0.33,-0.33
13727,-0.53,-0.53
13731,-0.71,-0.71
13736,-0.97,-0.97
13742,-1.21,-1.21
13747,-1.40,-1.40
13752,-1.56,-1.56
13757,-1.73,-1.73
13761,-1.84,-1.84
13766,-2.00,-2.00
13771,-2.00,-2.00
13776,-2.00,-2.00
13782,-2.00,-2.00
13787,-2.00,-2.00
13791,-2.00,-2.00
13796,-2.00,-2.00
13801,-2.00,-2.00
13806,-2.00,-2.00
13811,-2.00,-2.00
13815,-2.00,-2.00
13820,-2.00,-2.00
13826,-2.00,-2.00
13831,-2.00,-2.00
13836,-2.00,-2.00
13841,-1.94,-1.94
13845,-1.87,-1.87
13850,-1.87,-1.87
13855,-1.84,-1.84
13860,-1.83,-1.83
13865,-1.83,-1.83
13871,-1.79,-1.79
13875,-1.78,-1.78
13880,-1.80,-1.80
13885,-1.83,-1.83
13890,-1.84,-1.84
13895,-1.88,-1.88
13899,-1.93,-1.93
13904,-1.94,-1.94
13910,-1.92,-1.92
13915,-1.85,-1.85
13920,-1.78,-1.78
13925,-1.71,-1.71
13929,-1.58,-1.58
13934,-1.55,-1.55
13939,-1.42,-1.42
13944,-1.21,-1.21
13949,-1.01,-1.01
13955,-0.77,-0.77
13959,-0.55,-0.55
13964,-0.28,-0.28
13969,-0.02,-0.02
13974,0.53,0.53
13978,0.96,0.96
13982,1.29,1.29
13987,1.68,1.68
13991,1.94,1.94
13996,2.00,2.00
14001,2.00,2.00
14005,2.00,2.00
14009,2.00,2.00
14014,2.00,2.00
14018,2.00,2.00
14022,2.00,2.00
14027,2.00,2.00
14031,2.00,2.00
14035,2.00,2.00
14041,2.00,2.00
14045,1.97,1.97
14049,1.70,1.70
14054,1.67,1.67
14058,1.61,1.61
14062,1.64,1.64
14066,1.58,1.58
14071,1.50,1.50
14075,1.49,1.49
14080,1.44,1.44
14085,1.36,1.36
14089,1.28,1.28
14093,1.22,1.22
14098,1.15,1.15
14102,1.07,1.07
14106,1.03,1.03
14111,0.98,0.98
14115,0.93,0.93
14119,0.86,0.86
14125,0.78,0.78
14129,0.68,0.68
14133,0.57,0.57
14138,0.46,0.46
14142,0.36,0.36
14146,0.15,0.15
14151,0.04,0.04
14155,-0.11,-0.11
14160,-0.30,-0.30
14164,-0.45,-0.45
14170,-0.83,-0.83
14175,-0.60,-0.60
14180,-1.08,-1.08
14185,-1.28,-1.28
14190,-1.50,-1.50
14194,-1.72,-1.72
14199,-1.88,-1.88
14204,-1.91,-1.91
14210,-2.00,-2.00
14215,-2.00,-2.00
14220,-2.00,-2.00
14224,-2.00,-2.00
14229,-2.00,-2.00
14234,-2.00,-2.00
14239,-2.00,-2.00
14244,-2.00,-2.00
14248,-2.00,-2.00
14254,-2.00,-2.00
14259,-2.00,-2.00
14264,-2.00,-2.00
14269,-1.86,-1.86
14274,-1.67,-1.67
14278,-1.53,-1.53
14283,-1.48,-1.48
14288,-1.50,-1.50
14294,-1.60,-1.60
14299,-1.70,-1.70
14304,-1.82,-1.82
14308,-1.90,-1.90
14313,-1.99,-1.99
14318,-2.00,-2.00
14323,-2.00,-2.00
14328,-2.00,-2.00
14333,-2.00,-2.00
14338,-1.93,-1.93
14343,-1.84,-1.84
14348,-1.72,-1.72
14353,-1.59,-1.59
14358,-1.44,-1.44
14362,-1.32,-1.32
14367,-1.16,-1.16
14372,-1.02,-1.02
14377,-0.84,-0.84
14383,-0.68,-0.68
14388,-0.51,-0.51
14392,-0.30,-0.30
14397,0.02,0.02
14402,0.40,0.40
14406,0.80,0.80
14410,1.05,1.05
14414,1.19,1.19
14419,1.34,1.34
14424,1.41,1.41
14428,1.96,1.96
14433,2.00,2.00
14437,2.00,2.00
14441,2.00,2.00
14446,2.00,2.00
14450,2.00,2.00
14454,2.00,2.00
14459,2.00,2.00
14464,2.00,2.00
14468,2.00,2.00
14473,2.00,2.00
14477,1.72,1.72
14481,1.68,1.68
14486,1.48,1.48
14490,1.19,1.19
14494,1.14,1.14
14498,1.10,1.10
14503,1.11,1.11
14508,1.10,1.10
14512,1.13,1.13
14517,1.18,1.18
14521,1.24,1.24
14525,1.21,1.21
14530,1.25,1.25
14534,1.38,1.38
14538,1.40,1.40
14543,1.39,1.39
14547,1.41,1.41
14552,1.42,1.42
14557,1.35,1.35
14561,1.31,1.31
14565,1.24,1.24
14570,1.11,1.11
14574,0.95,0.95
14578,0.80,0.80
14583,0.65,0.65
14587,0.48,0.48
14592,0.34,0.34
14596,0.13,0.13
14601,-0.07,-0.07
14606,-0.26,-0.26
14610,-0.68,-0.68
14615,-0.73,-0.73
14620,-1.04,-1.04
14625,-1.26,-1.26
14630,-1.35,-1.35
14636,-1.45,-1.45
14640,-1.83,-1.83
14645,-2.00,-2.00
14650,-2.00,-2.00
14655,-2.00,-2.00
14660,-2.00,-2.00
14664,-2.00,-2.00
14669,-2.00,-2.00
14674,-2.00,-2.00
14680,-2.00,-2.00
14685,-2.00,-2.00
14690,-2.00,-2.00
14694,-2.00,-2.00
14699,-2.00,-2.00
14704,-2.00,-2.00
14709,-2.00,-2.00
14714,-2.00,-2.00
14720,-2.00,-2.00
14724,-1.91,-1.91
14729,-1.84,-1.84
14734,-1.79,-1.79
14739,-1.80,-1.80
14744,-1.80,-1.80
14748,-1.77,-1.77
14753,-1.67,-1.67
14758,-1.83,-1.83
14764,-1.82,-1.82
14769,-1.95,-1.95
14774,-2.00,-2.00
14778,-2.00,-2.00
14783,-2.00,-2.00
14788,-1.94,-1.94
14793,-1.79,-1.79
14798,-1.69,-1.69
14803,-1.53,-1.53
14808,-1.39,-1.39
14813,-1.24,-1.24
14818,-1.08,-1.08
14823,-0.95,-0.95
14828,-0.81,-0.81
14833,-0.62,-0.62
14837,-0.40,-0.40
14842,-0.22,-0.22
14848,0.34,0.34
14852,0.74,0.74
14857,1.00,1.00
14861,1.16,1.16
14865,1.20,1.20
14870,1.65,1.65
14874,1.88,1.88
14878,2.00,2.00
14883,2.00,2.00
14887,2.00,2.00
14892,2.00,2.00
14896,2.00,2.00
14901,2.00,2.00
14905,2.00,2.00
14909,1.98,1.98
14914,1.87,1.87
14918,1.79,1.79
14922,1.68,1.68
14927,1.55,1.55
14931,1.54,1.54
14936,1.50,1.50
14941,1.40,1.40
14945,1.37,1.37
14949,1.37,1.37
14954,1.37,1.37
14958,1.36,1.36
14962,1.40,1.40
14967,1.42,1.42
14971,1.42,1.42
14976,1.42,1.42
14980,1.46,1.46
14985,1.48,1.48
14989,1.49,1.49
14993,1.47,1.47
14998,1.46,1.46
15002,1.40,1.40
15006,1.33,1.33
15011,1.28,1.28
15015,1.17,1.17
15020,1.02,1.02
15025,0.93,0.93
15029,0.78,0.78
15033,0.60,0.60
15038,0.48,0.48
15042,0.32,0.32
15046,0.14,0.14
15051,0.01,0.01
15055,-0.17,-0.17
15060,-0.39,-0.39
15065,-0.62,-0.62
15070,-1.02,-1.02
15075,-1.01,-1.01
15080,-1.37,-1.37
15085,-1.55,-1.55
15090,-1.67,-1.67
15094,-2.00,-2.00
15099,-2.00,-2.00
15105,-2.00,-2.00
15110,-2.00,-2.00
15115,-2.00,-2.00
15120,-2.00,-2.00
15124,-2.00,-2.00
15129,-2.00,-2.00
15134,-2.00,-2.00
15139,-2.00,-2.00
15144,-1.74,-1.74
15150,-1.64,-1.64
15154,-1.68,-1.68
15159,-1.86,-1.86
15164,-2.00,-2.00
15169,-2.00,-2.00
15174,-2.00,-2.00
15178,-2.00,-2.00
15183,-2.00,-2.00
15188,-1.79,-1.79
15194,-1.63,-1.63
15199,-1.58,-1.58
15204,-1.59,-1.59
15208,-1.68,-1.68
15213,-1.76,-1.76
15218,-1.84,-1.84
15223,-1.86,-1.86
15228,-1.90,-1.90
15234,-1.91,-1.91
15238,-1.89,-1.89
15243,-1.85,-1.85
15248,-1.81,-1.81
15253,-1.74,-1.74
15258,-1.67,-1.67
15262,-1.58,-1.58
15267,-1.48,-1.48
15272,-1.32,-1.32
15278,-1.14,-1.14
15283,-0.98,-0.98
15288,-0.77,-0.77
15292,-0.57,-0.57
15297,-0.31,-0.31
15302,0.07,0.07
15306,0.45,0.45
15311,0.84,0.84
15315,1.14,1.14
15320,1.37,1.37
15325,1.80,1.80
15329,2.00,2.00
15333,2.00,2.00
15338,2.00,2.00
15342,2.00,2.00
15346,2.00,2.00
15351,2.00,2.00
15355,2.00,2.00
15360,2.00,2.00
15364,2.00,2.00
15369,2.00,2.00
15373,2.00,2.00
15377,2.00,2.00
15382,2.00,2.00
15386,1.76,1.76
15390,1.60,1.60
15395,1.50,1.50
15399,1.35,1.35
15404,1.25,1.25
15409,1.21,1.21
15413,1.19,1.19
15417,1.15,1.15
15422,1.14,1.14
15426,1.12,1.12
15430,1.13,1.13
15435,1.09,1.09
15439,1.10,1.10
15443,1.01,1.01
15448,1.08,1.08
15453,1.09,1.09
15457,1.07,1.07
15461,1.05,1.05
15466,1.01,1.01
15470,0.90,0.90
15474,0.81,0.81
15479,0.68,0.68
15483,0.54,0.54
15488,0.35,0.35
15493,0.17,0.17
15497,0.03,0.03
15501,-0.14,-0.14
15506,-0.33,-0.33
15511,-0.50,-0.50
15516,-0.76,-0.76
15521,-0.92,-0.92
15525,-1.23,-1.23
15531,-1.43,-1.43
15536,-1.56,-1.56
15541,-1.71,-1.71
15546,-2.00,-2.00
15551,-2.00,-2.00
15555,-2.00,-2.00
15560,-2.00,-2.00
15565,-2.00,-2.00
15570,-2.00,-2.00
15576,-2.00,-2.00
15580,-2.00,-2.00
15585,-2.00,-2.00
15590,-2.00,-2.00
15595,-2.00,-2.00
15600,-2.00,-2.00
15605,-1.99,-1.99
15609,-1.89,-1.89
15614,-1.82,-1.82
15620,-1.77,-1.77
15625,-1.74,-1.74
15630,-1.71,-1.71
15635,-1.71,-1.71
15639,-1.70,-1.70
15644,-1.74,-1.74
15649,-1.77,-1.77
15654,-1.84,-1.84
15660,-1.91,-1.91
15665,-1.98,-1.98
15669,-2.00,-2.00
15674,-2.00,-2.00
15679,-2.00,-2.00
15684,-1.92,-1.92
15689,-1.84,-1.84
15693,-1.76,-1.76
15698,-1.65,-1.65
15704,-1.54,-1.54
15709,-1.43,-1.43
15714,-1.32,-1.32
15719,-1.17,-1.17
15723,-0.97,-0.97
15728,-0.76,-0.76
15733,-0.54,-0.54
15738,-0.21,-0.21
15744,0.12,0.12
15748,0.48,0.48
15752,0.81,0.81
15757,1.21,1.21
15761,1.43,1.43
15765,1.80,1.80
15770,2.00,2.00
15774,2.00,2.00
15778,2.00,2.00
15783,2.00,2.00
15788,2.00,2.00
15792,2.00,2.00
15796,2.00,2.00
15801,2.00,2.00
15805,2.00,2.00
15809,2.00,2.00
15814,2.00,2.00
15818,2.00,2.00
15822,1.86,1.86
15827,1.66,1.66
15832,1.56,1.56
15836,1.50,1.50
15841,1.34,1.34
15845,1.23,1.23
15849,1.20,1.20
15854,1.14,1.14
15858,1.07,1.07
15862,0.97,0.97
15867,0.95,0.95
15872,0.89,0.89
15876,0.89,0.89
15880,0.86,0.86
15885,0.88,0.88
15889,0.92,0.92
15893,0.83,0.83
15898,0.79,0.79
15902,0.80,0.80
15906,0.74,0.74
15911,0.65,0.65
15916,0.57,0.57
15920,0.46,0.46
15925,0.32,0.32
15929,0.22,0.22
15933,0.07,0.07
15938,-0.06,-0.06
15942,-0.26,-0.26
15947,-0.45,-0.45
15952,-0.67,-0.67
15958,-0.77,-0.77
15963,-1.19,-1.19
15968,-1.48,-1.48
15972,-1.68,-1.68
15977,-1.81,-1.81
15982,-1.94,-1.94
15987,-2.00,-2.00
15992,-2.00,-2.00
15996,-2.00,-2.00
16002,-2.00,-2.00
16007,-2.00,-2.00
16012,-2.00,-2.00
16017,-2.00,-2.00
16022,-2.00,-2.00
16026,-2.00,-2.00
16031,-1.67,-1.67
16036,-1.52,-1.52
16041,-2.00,-2.00
16047,-1.48,-1.48
16052,-1.79,-1.79
16056,-1.86,-1.86
16061,-2.00,-2.00
16066,-2.00,-2.00
16071,-2.00,-2.00
16076,-2.00,-2.00
16080,-2.00,-2.00
16086,-2.00,-2.00
16091,-2.00,-2.00
16096,-2.00,-2.00
16101,-2.00,-2.00
16106,-2.00,-2.00
16110,-2.00,-2.00
16115,-1.94,-1.94
16120,-1.86,-1.86
16125,-1.76,-1.76
16131,-1.69,-1.69
16136,-1.63,-1.63
16140,-1.59,-1.59
16145,-1.54,-1.54
16150,-1.43,-1.43
16155,-1.32,-1.32
16160,-1.20,-1.20
16165,-1.08,-1.08
16169,-0.91,-0.91
16175,-0.73,-0.73
16180,-0.54,-0.54
16185,-0.31,-0.31
16190,0.05,0.05
16194,0.28,0.28
16198,0.71,0.71
16203,1.00,1.00
16207,1.32,1.32
16211,1.52,1.52
16217,1.80,1.80
16221,2.00,2.00
16225,2.00,2.00
16229,2.00,2.00
16234,2.00,2.00
16238,2.00,2.00
16242,2.00,2.00
16247,2.00,2.00
16251,2.00,2.00
16256,2.00,2.00
16261,1.91,1.91
16265,1.86,1.86
16269,1.66,1.66
16274,1.71,1.71
16278,1.61,1.61
16282,1.50,1.50
16287,1.39,1.39
16291,1.35,1.35
16295,1.31,1.31
16301,1.28,1.28
16305,1.27,1.27
16309,1.25,1.25
16313,1.16,1.16
16318,1.12,1.12
16322,1.10,1.10
16326,1.06,1.06
16331,1.03,1.03
16335,0.94,0.94
16339,0.94,0.94
16345,1.01,1.01
16349,1.01,1.01
16353,0.99,0.99
16358,0.94,0.94
16362,0.91,0.91
16366,0.82,0.82
16371,0.73,0.73
16375,0.63,0.63
16379,0.55,0.55
16385,0.45,0.45
16389,0.28,0.28
16393,0.13,0.13
16398,0.02,0.02
16402,-0.09,-0.09
16407,-0.25,-0.25
16411,-0.46,-0.46
16416,-0.99,-0.99
16421,-0.92,-0.92
16427,-1.36,-1.36
16432,-1.62,-1.62
16437,-1.81,-1.81
16441,-1.98,-1.98
16446,-2.00,-2.00
16451,-2.00,-2.00
16456,-2.00,-2.00
16461,-2.00,-2.00
16466,-2.00,-2.00
16471,-2.00,-2.00
16476,-2.00,-2.00
16481,-2.00,-2.00
16486,-2.00,-2.00
16491,-2.00,-2.00
16495,-2.00,-2.00
16500,-1.87,-1.87
16505,-1.57,-1.57
16510,-1.46,-1.46
16516,-1.48,-1.48
16521,-1.57,-1.57
16525,-1.70,-1.70
16530,-1.82,-1.82
16535,-1.95,-1.95
16540,-2.00,-2.00
16545,-2.00,-2.00
16550,-2.00,-2.00
16555,-2.00,-2.00
16560,-2.00,-2.00
16565,-2.00,-2.00
16570,-1.97,-1.97
16575,-1.89,-1.89
16580,-1.82,-1.82
16584,-1.72,-1.72
16589,-1.63,-1.63
16594,-1.53,-1.53
16600,-1.42,-1.42
16605,-1.33,-1.33
16609,-1.23,-1.23
16614,-1.15,-1.15
16619,-0.97,-0.97
16624,-0.78,-0.78
16629,-0.54,-0.54
16634,-0.25,-0.25
16638,0.06,0.06
16644,0.62,0.62
16648,1.01,1.01
16652,1.33,1.33
16657,1.53,1.53
16661,1.86,1.86
16665,2.00,2.00
16670,2.00,2.00
16674,2.00,2.00
16678,2.00,2.00
16684,2.00,2.00
16688,2.00,2.00
16692,2.00,2.00
16696,2.00,2.00
16701,2.00,2.00
16705,2.00,2.00
16709,2.00,2.00
16714,2.00,2.00
16718,2.00,2.00
16722,1.96,1.96
16728,2.00,2.00
16732,1.86,1.86
16736,1.65,1.65
16741,1.48,1.48
16745,1.43,1.43
16749,1.34,1.34
16754,1.29,1.29
16758,1.19,1.19
16762,1.20,1.20
16768,1.16,1.16
16772,1.15,1.15
16776,1.12,1.12
16781,0.93,0.93
16785,0.91,0.91
16789,0.87,0.87
16793,0.73,0.73
16798,0.69,0.69
16802,0.64,0.64
16806,0.55,0.55
16812,0.39,0.39
16816,0.29,0.29
16820,0.17,0.17
16825,0.00,0.00
16829,-0.08,-0.08
16834,-0.23,-0.23
16839,-0.39,-0.39
16843,-0.61,-0.61
16848,-0.99,-0.99
16854,-0.88,-0.88
16859,-1.45,-1.45
16864,-1.71,-1.71
16869,-1.84,-1.84
16873,-1.98,-1.98
16878,-2.00,-2.00
16883,-2.00,-2.00
16888,-2.00,-2.00
16893,-2.00,-2.00
16899,-2.00,-2.00
16903,-2.00,-2.00
16908,-2.00,-2.00
16913,-2.00,-2.00
16918,-2.00,-2.00
16923,-2.00,-2.00
16927,-2.00,-2.00
16932,-2.00,-2.00
16937,-2.00,-2.00
16943,-2.00,-2.00
16948,-2.00,-2.00
16953,-2.00,-2.00
16957,-1.98,-1.98
16962,-1.95,-1.95
16967,-1.92,-1.92
16972,-1.93,-1.93
16977,-1.99,-1.99
16983,-2.00,-2.00
16987,-1.95,-1.95
16992,-1.95,-1.95
16997,-1.94,-1.94
17002,-1.94,-1.94
17007,-1.91,-1.91
17011,-1.84,-1.84
17016,-1.77,-1.77
17021,-1.68,-1.68
17027,-1.60,-1.60
17032,-1.52,-1.52
17037,-1.45,-1.45
17041,-1.39,-1.39
17046,-1.32,-1.32
17051,-1.24,-1.24
17056,-1.13,-1.13
17061,-0.97,-0.97
17067,-0.83,-0.83
17071,-0.50,-0.50
17076,-0.19,-0.19
17081,0.20,0.20
17085,0.51,0.51
17090,0.77,0.77
17094,1.00,1.00
17098,1.36,1.36
17103,1.60,1.60
17107,1.91,1.91
17112,2.00,2.00
17117,2.00,2.00
17121,2.00,2.00
17125,2.00,2.00
17130,2.00,2.00
17134,2.00,2.00
17138,2.00,2.00
17142,2.00,2.00
17147,2.00,2.00
17152,2.00,2.00
17156,2.00,2.00
17161,2.00,2.00
17165,1.95,1.95
17169,1.79,1.79
17174,1.61,1.61
17178,1.47,1.47
17182,1.31,1.31
17187,1.27,1.27
17191,1.24,1.24
17196,1.22,1.22
17201,1.20,1.20
17205,1.14,1.14
17209,1.15,1.15
17214,1.09,1.09
17218,1.10,1.10
17222,1.16,1.16
17226,1.13,1.13
17231,1.11,1.11
17235,1.04,1.04
17240,1.00,1.00
17245,0.89,0.89
17249,0.82,0.82
17253,0.70,0.70
17258,0.61,0.61
17262,0.49,0.49
17266,0.35,0.35
17271,0.22,0.22
17275,0.05,0.05
17280,-0.10,-0.10
17285,-0.29,-0.29
17290,-0.51,-0.51
17295,-0.73,-0.73
17300,-0.95,-0.95
17304,-1.10,-1.10
17309,-1.40,-1.40
17314,-1.54,-1.54
17319,-1.70,-1.70
17325,-1.89,-1.89
17329,-2.00,-2.00
17334,-2.00,-2.00
17339,-2.00,-2.00
17344,-2.00,-2.00
17349,-2.00,-2.00
17354,-2.00,-2.00
17358,-1.90,-1.90
17363,-1.95,-1.95
17369,-2.00,-2.00
17374,-2.00,-2.00
17379,-2.00,-2.00
17384,-2.00,-2.00
17388,-2.00,-2.00
17393,-2.00,-2.00
17398,-2.00,-2.00
17403,-2.00,-2.00
17409,-2.00,-2.00
17414,-1.77,-1.77
17418,-1.65,-1.65
17423,-1.63,-1.63
17428,-1.60,-1.60
17433,-1.72,-1.72
17438,-1.86,-1.86
17442,-1.94,-1.94
17447,-2.00,-2.00
17453,-2.00,-2.00
17458,-2.00,-2.00
17463,-2.00,-2.00
17468,-1.99,-1.99
17472,-1.94,-1.94
17477,-1.83,-1.83
17482,-1.74,-1.74
17487,-1.62,-1.62
17492,-1.52,-1.52
17498,-1.41,-1.41
17502,-1.27,-1.27
17507,-1.09,-1.09
17512,-0.86,-0.86
17517,-0.63,-0.63
17522,-0.36,-0.36
17526,-0.03,-0.03
17531,0.27,0.27
17537,0.64,0.64
17541,1.10,1.10
17545,1.44,1.44
17550,1.80,1.80
17554,2.00,2.00
17558,2.00,2.00
17563,2.00,2.00
17567,2.00,2.00
17571,2.00,2.00
17575,2.00,2.00
17581,2.00,2.00
17585,2.00,2.00
17589,2.00,2.00
17594,2.00,2.00
17598,2.00,2.00
17602,2.00,2.00
17607,1.66,1.66
17611,1.46,1.46
17615,1.29,1.29
17620,1.13,1.13
17625,1.08,1.08
17629,1.04,1.04
17634,0.99,0.99
17638,0.98,0.98
17642,0.99,0.99
17647,0.99,0.99
17651,0.93,0.93
17655,0.90,0.90
17659,0.88,0.88
17665,0.87,0.87
17669,0.81,0.81
17673,0.78,0.78
17678,0.74,0.74
17682,0.70,0.70
17686,0.61,0.61
17691,0.51,0.51
17695,0.39,0.39
17699,0.28,0.28
17704,0.19,0.19
17709,0.04,0.04
17713,-0.05,-0.05
17718,-0.17,-0.17
17723,-0.31,-0.31
17728,-0.49,-0.49
17733,-0.95,-0.95
17737,-0.78,-0.78
17742,-1.00,-1.00
17747,-1.17,-1.17
17753,-1.39,-1.39
17758,-1.65,-1.65
17763,-1.87,-1.87
17767,-2.00,-2.00
17772,-2.00,-2.00
17777,-2.00,-2.00
17782,-2.00,-2.00
17787,-2.00,-2.00
17792,-2.00,-2.00
17797,-2.00,-2.00
17802,-2.00,-2.00
17807,-2.00,-2.00
17812,-1.95,-1.95
17817,-1.87,-1.87
17821,-1.86,-1.86
17826,-2.00,-2.00
17831,-1.58,-1.58
17837,-2.00,-2.00
17842,-1.99,-1.99
17847,-2.00,-2.00
17851,-2.00,-2.00
17856,-2.00,-2.00
17861,-2.00,-2.00
17866,-1.93,-1.93
17871,-1.80,-1.80
17875,-1.81,-1.81
17881,-1.78,-1.78
17886,-1.86,-1.86
17891,-1.89,-1.89
17896,-1.94,-1.94
17901,-1.95,-1.95
17905,-1.91,-1.91
17910,-1.87,-1.87
17915,-1.78,-1.78
17921,-1.73,-1.73
17926,-1.65,-1.65
17931,-1.55,-1.55
17935,-1.42,-1.42
17940,-1.30,-1.30
17945,-1.13,-1.13
17950,-0.95,-0.95
17955,-0.76,-0.76
17959,-0.43,-0.43
17965,-0.06,-0.06
17970,0.34,0.34
17974,0.57,0.57
17979,0.92,0.92
17983,1.23,1.23
17987,1.55,1.55
17992,1.76,1.76
17996,1.88,1.88
18000,1.96,1.96
18006,1.98,1.98
18010,2.00,2.00
18014,1.93,1.93
18019,1.83,1.83
18023,1.61,1.61
18027,1.67,1.67
18032,1.71,1.71
18036,1.64,1.64
18040,1.56,1.56
18045,1.58,1.58
18050,1.59,1.59
18054,1.68,1.68
18058,1.70,1.70
18063,1.60,1.60
18067,1.51,1.51
18071,1.41,1.41
18076,1.30,1.30
18080,1.21,1.21
18084,1.10,1.10
18089,1.03,1.03
18094,0.96,0.96
18098,0.90,0.90
18103,0.88,0.88
18107,0.88,0.88
18111,0.91,0.91
18116,0.95,0.95
18120,0.99,0.99
18124,0.98,0.98
18129,0.95,0.95
18134,0.86,0.86
18138,0.69,0.69
18142,0.54,0.54
18147,0.36,0.36
18151,0.22,0.22
18155,0.10,0.10
18160,0.01,0.01
18164,-0.09,-0.09
18169,-0.22,-0.22
18174,-0.39,-0.39
18180,-0.57,-0.57
18184,-0.67,-0.67
18189,-1.10,-1.10
18194,-0.92,-0.92
18199,-1.28,-1.28
18204,-1.38,-1.38
18208,-1.60,-1.60
18213,-1.74,-1.74
18219,-1.85,-1.85
18224,-1.92,-1.92
18229,-2.00,-2.00
18234,-1.97,-1.97
18238,-2.00,-2.00
18243,-2.00,-2.00
18248,-2.00,-2.00
18253,-2.00,-2.00
18258,-2.00,-2.00
18264,-2.00,-2.00
18268,-2.00,-2.00
18273,-2.00,-2.00
18278,-2.00,-2.00
18283,-2.00,-2.00
18288,-2.00,-2.00
18292,-1.77,-1.77
18297,-1.56,-1.56
18302,-1.46,-1.46
18308,-1.48,-1.48
18313,-1.53,-1.53
18318,-1.60,-1.60
18322,-1.68,-1.68
18327,-1.79,-1.79
18332,-1.88,-1.88
18337,-1.95,-1.95
18342,-1.99,-1.99
18348,-1.99,-1.99
18352,-1.98,-1.98
18357,-1.95,-1.95
18362,-1.91,-1.91
18367,-1.84,-1.84
18372,-1.78,-1.78
18377,-1.69,-1.69
18381,-1.62,-1.62
18386,-1.49,-1.49
18392,-1.34,-1.34
18397,-1.21,-1.21
18402,-1.07,-1.07
18406,-0.89,-0.89
18411,-0.69,-0.69
18416,-0.35,-0.35
18421,-0.05,-0.05
18426,0.27,0.27
18430,0.61,0.61
18435,0.78,0.78
18440,0.94,0.94
18444,1.19,1.19
18448,1.37,1.37
18453,1.60,1.60
18457,1.78,1.78
18461,1.98,1.98
18466,2.00,2.00
18470,2.00,2.00
18475,2.00,2.00
18480,2.00,2.00
18484,2.00,2.00
18488,2.00,2.00
18492,2.00,2.00
18497,1.97,1.97
18501,1.85,1.85
18505,1.77,1.77
18510,1.69,1.69
18514,1.58,1.58
18519,1.51,1.51
18524,1.48,1.48
18528,1.42,1.42
18532,1.36,1.36
18537,1.31,1.31
18541,1.24,1.24
18545,1.18,1.18
18550,1.09,1.09
18554,1.04,1.04
18558,1.02,1.02
18564,1.03,1.03
18568,1.03,1.03
18572,1.03,1.03
18577,1.04,1.04
18581,1.09,1.09
18585,1.08,1.08
18589,1.07,1.07
18594,1.09,1.09
18598,1.02,1.02
18603,0.91,0.91
18608,0.78,0.78
18612,0.66,0.66
18616,0.56,0.56
18621,0.40,0.40
18625,0.27,0.27
18629,0.16,0.16
18634,-0.02,-0.02
18638,-0.18,-0.18
18643,-0.36,-0.36
18649,-0.57,-0.57
18654,-0.74,-0.74
18659,-1.00,-1.00
18664,-1.06,-1.06
18668,-1.20,-1.20
18673,-1.43,-1.43
18678,-1.60,-1.60
18683,-1.78,-1.78
18689,-1.98,-1.98
18693,-2.00,-2.00
18698,-2.00,-2.00
18703,-2.00,-2.00
18708,-2.00,-2.00
18713,-2.00,-2.00
18718,-2.00,-2.00
18722,-2.00,-2.00
18727,-2.00,-2.00
18733,-2.00,-2.00
18738,-2.00,-2.00
18743,-2.00,-2.00
18748,-2.00,-2.00
18752,-1.93,-1.93
18757,-1.87,-1.87
18762,-1.76,-1.76
18767,-1.62,-1.62
18772,-1.63,-1.63
18778,-1.62,-1.62
18782,-1.50,-1.50
18787,-1.45,-1.45
18792,-1.43,-1.43
18797,-1.39,-1.39
18802,-1.39,-1.39
18806,-1.42,-1.42
18811,-1.49,-1.49
18817,-1.56,-1.56
18822,-1.63,-1.63
18827,-1.70,-1.70
18832,-1.74,-1.74
18836,-1.81,-1.81
18841,-1.84,-1.84
18846,-1.87,-1.87
18851,-1.86,-1.86
18856,-1.85,-1.85
18862,-1.81,-1.81
18866,-1.79,-1.79
18871,-1.72,-1.72
18876,-1.66,-1.66
18881,-1.59,-1.59
18886,-1.50,-1.50
18890,-1.38,-1.38
18895,-1.24,-1.24
18900,-1.14,-1.14
18906,-0.84,-0.84
18911,-0.61,-0.61
18916,-0.28,-0.28
18920,0.09,0.09
18925,0.38,0.38
18929,0.59,0.59
18933,0.99,0.99
18938,1.27,1.27
18942,1.57,1.57
18947,1.84,1.84
18952,2.00,2.00
18956,2.00,2.00
18960,2.00,2.00
18965,2.00,2.00
18969,2.00,2.00
18973,2.00,2.00
18978,2.00,2.00
18982,2.00,2.00
18987,1.88,1.88
18991,1.77,1.77
18996,1.67,1.67
19000,1.59,1.59
19004,1.52,1.52
19009,1.46,1.46
19013,1.39,1.39
19017,1.30,1.30
19022,1.26,1.26
19026,1.24,1.24
19031,1.20,1.20
19036,1.17,1.17
19040,1.15,1.15
19044,1.13,1.13
19049,1.08,1.08
19053,1.03,1.03
19057,1.03,1.03
19062,1.08,1.08
19066,1.11,1.11
19070,1.13,1.13
19075,1.13,1.13
19080,1.10,1.10
19084,0.98,0.98
19088,0.91,0.91
19093,0.80,0.80
19097,0.64,0.64
19101,0.51,0.51
19106,0.39,0.39
19110,0.25,0.25
19115,0.05,0.05
19120,-0.04,-0.04
19124,-0.31,-0.31
19129,-0.59,-0.59
19134,-0.81,-0.81
19139,-1.01,-1.01
19144,-1.05,-1.05
19149,-1.63,-1.63
19153,-1.75,-1.75
19159,-1.91,-1.91
19164,-2.00,-2.00
19169,-2.00,-2.00
19174,-2.00,-2.00
19179,-2.00,-2.00
19183,-2.00,-2.00
19188,-2.00,-2.00
19193,-2.00,-2.00
19198,-2.00,-2.00
19204,-2.00,-2.00
19209,-2.00,-2.00
19213,-2.00,-2.00
19218,-1.76,-1.76
19223,-1.89,-1.89
19228,-1.72,-1.72
19233,-1.64,-1.64
19237,-1.63,-1.63
19243,-1.73,-1.73
19248,-1.84,-1.84
19253,-1.94,-1.94
19258,-1.91,-1.91
19263,-1.90,-1.90
19267,-1.99,-1.99
19272,-2.00,-2.00
19277,-1.92,-1.92
19282,-1.84,-1.84
19288,-1.78,-1.78
19293,-1.69,-1.69
19297,-1.65,-1.65
19302,-1.68,-1.68
19307,-1.72,-1.72
19312,-1.80,-1.80
19317,-1.89,-1.89
19321,-1.96,-1.96
19326,-1.99,-1.99
19332,-2.00,-2.00
19337,-1.98,-1.98
19342,-1.96,-1.96
19347,-1.92,-1.92
19351,-1.83,-1.83
19356,-1.72,-1.72
19361,-1.58,-1.58
19366,-1.43,-1.43
19372,-1.24,-1.24
19377,-0.91,-0.91
19381,-0.52,-0.52
19386,-0.04,-0.04
19391,0.41,0.41
19395,0.66,0.66
19400,1.12,1.12
19404,1.38,1.38
19408,1.83,1.83
19414,2.00,2.00
19418,2.00,2.00
19422,2.00,2.00
19427,2.00,2.00
19431,2.00,2.00
19435,2.00,2.00
19439,2.00,2.00
19444,2.00,2.00
19448,2.00,2.00
19452,1.78,1.78
19458,1.59,1.59
19462,1.52,1.52
19466,1.43,1.43
19471,1.37,1.37
19475,1.30,1.30
19479,1.27,1.27
19484,1.25,1.25
19488,1.19,1.19
19492,1.14,1.14
19497,1.13,1.13
19502,1.16,1.16
19506,1.17,1.17
19511,1.23,1.23
19515,1.31,1.31
19519,1.32,1.32
19523,1.34,1.34
19528,1.42,1.42
19532,1.44,1.44
19536,1.54,1.54
19542,1.56,1.56
19546,1.56,1.56
19550,1.50,1.50
19555,1.46,1.46
19559,1.29,1.29
19563,1.18,1.18
19568,0.97,0.97
19572,0.85,0.85
19576,0.63,0.63
19581,0.46,0.46
19586,0.26,0.26
19590,0.00,0.00
19595,-0.20,-0.20
19599,-0.48,-0.48
19604,-0.76,-0.76
19609,-1.49,-1.49
19614,-1.17,-1.17
19619,-1.58,-1.58
19623,-1.77,-1.77
19629,-1.98,-1.98
19634,-2.00,-2.00
19639,-2.00,-2.00
19644,-2.00,-2.00
19649,-2.00,-2.00
19653,-2.00,-2.00
19658,-2.00,-2.00
19663,-2.00,-2.00
19668,-2.00,-2.00
19674,-1.98,-1.98
19679,-2.00,-2.00
19683,-1.77,-1.77
19688,-1.79,-1.79
19693,-1.55,-1.55
19698,-1.55,-1.55
19703,-1.51,-1.51
19708,-1.73,-1.73
19713,-1.97,-1.97
19718,-2.00,-2.00
19723,-1.95,-1.95
19728,-1.84,-1.84
19733,-1.64,-1.64
19737,-1.50,-1.50
19742,-1.44,-1.44
19747,-1.50,-1.50
19752,-1.51,-1.51
19758,-1.52,-1.52
19763,-1.57,-1.57
19767,-1.54,-1.54
19772,-1.61,-1.61
19777,-1.69,-1.69
19782,-1.81,-1.81
19787,-1.86,-1.86
19792,-1.86,-1.86
19796,-1.86,-1.86
19802,-1.87,-1.87
19807,-1.74,-1.74
19812,-1.78,-1.78
19817,-1.77,-1.77
19821,-1.88,-1.88
19826,-1.93,-1.93
19831,-1.83,-1.83
19836,-1.69,-1.69
19842,-1.58,-1.58
19847,-1.46,-1.46
19851,-1.27,-1.27
19856,-0.96,-0.96
19861,-0.66,-0.66
19866,-0.34,-0.34
19871,0.04,0.04
19875,0.31,0.31
19879,0.59,0.59
19885,0.86,0.86
19889,1.08,1.08
19893,1.42,1.42
19898,1.68,1.68
19902,2.00,2.00
19906,2.00,2.00
19911,2.00,2.00
19915,2.00,2.00
19919,2.00,2.00
19923,2.00,2.00
19929,2.00,2.00
19933,2.00,2.00
19937,2.00,2.00
19942,2.00,2.00
19946,2.00,2.00
19950,1.99,1.99
19955,1.89,1.89
19959,1.87,1.87
19963,1.83,1.83
19969,1.80,1.80
19973,1.76,1.76
19977,1.65,1.65
19982,1.61,1.61
19986,1.50,1.50
